Workbook

Sheet IDO E OUTROS DADOS
A1: DS | B1: BAIRRO | C1: CICLO 1 | D1: CICLO 2 | E1: CICLO 3 | F1: CICLO 4 | G1: CICLO 5 | H1: CICLO 6 | I1: CICLO 7 | J1: CICLO 8 | K1: CICLO 9 | L1: CICLO 10 | M1: CICLO 11 | N1: CICLO 12 | O1: CICLO 13 | P1: CICLO 14 | Q1: CICLO 15 | R1: CICLO 16 | S1: CICLO 17 | T1: CICLO 18 | U1: CICLO 19 | V1: CICLO 20 | W1: CICLO 21 | X1: CICLO 22 | Y1: CICLO 23 | Z1: CICLO 24 | AA1: CICLO 25 | AB1: CICLO 26 | AC1: FECHADO ANUAL | AD1: EXTRAVIADO ANUAL | AE1: RECUSADO ANUAL | AF1: DESOCUPADO ANUAL | AG1: RECUPERADA ANUAL | AH1: QTD. PALHETAS ANUAL | AI1: QTD. OVOS ANUAL
A2: I | B2: RECIFE | C2: ='[1]RECIFE ANTIGO'!$H$31 -> 153.375 | D2: ='[1]RECIFE ANTIGO'!K31 -> 122.6875 | E2: ='[1]RECIFE ANTIGO'!N31 -> 93.133333 | F2: ='[1]RECIFE ANTIGO'!Q31 -> 319.46667 | G2: ='[1]RECIFE ANTIGO'!T31 -> 244.2 | H2: ='[1]RECIFE ANTIGO'!W31 -> 128.23077 | I2: ='[1]RECIFE ANTIGO'!Z31 -> 217.4375 | J2: ='[1]RECIFE ANTIGO'!AC31 -> 207.70588 | K2: ='[1]RECIFE ANTIGO'!AF31 -> 75.941176 | L2: ='[1]RECIFE ANTIGO'!AI31 -> 168.875 | M2: ='[1]RECIFE ANTIGO'!AL31 -> 179.23529 | N2: ='[1]RECIFE ANTIGO'!AO31 -> 256.35294 | O2: ='[1]RECIFE ANTIGO'!AR31 -> 210.64706 | P2: ='[1]RECIFE ANTIGO'!AU31 -> 114.29412 | Q2: ='[1]RECIFE ANTIGO'!AX31 -> 151.625 | R2: ='[1]RECIFE ANTIGO'!BA31 -> 113 | S2: ='[1]RECIFE ANTIGO'!BD31 -> 111.05882 | T2: ='[1]RECIFE ANTIGO'!BG31 -> 166.5625 | U2: ='[1]RECIFE ANTIGO'!BJ31 -> 103.05882 | V2: ='[1]RECIFE ANTIGO'!BM31 -> #DIV/0! | W2: ='[1]RECIFE ANTIGO'!BP31 -> #DIV/0! | X2: ='[1]RECIFE ANTIGO'!BS31 -> #DIV/0! | Y2: ='[1]RECIFE ANTIGO'!BV31 -> #DIV/0! | Z2: ='[1]RECIFE ANTIGO'!BY31 -> #DIV/0! | AA2: ='[1]RECIFE ANTIGO'!CB31 -> #DIV/0! | AB2: ='[1]RECIFE ANTIGO'!CE31 -> #DIV/0! | AC2: ='[1]RECIFE ANTIGO'!B33 -> 1 | AD2: ='[1]RECIFE ANTIGO'!B34 -> 14 | AE2: ='[1]RECIFE ANTIGO'!B35 -> 0 | AF2: ='[1]RECIFE ANTIGO'!B36 -> 0 | AG2: ='[1]RECIFE ANTIGO'!B37 -> 1 | AH2: ='[1]RECIFE ANTIGO'!$B$39 -> 17 | AI2: ='[1]RECIFE ANTIGO'!$B$40 -> 50520
A3: I | B3: SANTO ANTÔNIO | C3: ='[1]SANTO ANTONIO'!H27 -> 330.6 | D3: ='[1]SANTO ANTONIO'!K27 -> 303.69231 | E3: ='[1]SANTO ANTONIO'!N27 -> 470.38462 | F3: ='[1]SANTO ANTONIO'!Q27 -> 394 | G3: ='[1]SANTO ANTONIO'!T27 -> 87.583333 | H3: ='[1]SANTO ANTONIO'!W27 -> 174.5 | I3: ='[1]SANTO ANTONIO'!Z27 -> 60.727273 | J3: ='[1]SANTO ANTONIO'!AC27 -> 157.25 | K3: ='[1]SANTO ANTONIO'!AF27 -> 83.230769 | L3: ='[1]SANTO ANTONIO'!AI27 -> 144.09091 | M3: ='[1]SANTO ANTONIO'!AL27 -> 126.77778 | N3: ='[1]SANTO ANTONIO'!AO27 -> 163.25 | O3: ='[1]SANTO ANTONIO'!AR27 -> 62.416667 | P3: ='[1]SANTO ANTONIO'!AU27 -> 126 | Q3: ='[1]SANTO ANTONIO'!AX27 -> 91.545455 | R3: ='[1]SANTO ANTONIO'!BA27 -> 93.307692 | S3: ='[1]SANTO ANTONIO'!BD27 -> 63.727273 | T3: ='[1]SANTO ANTONIO'!BG27 -> 87.2 | U3: ='[1]SANTO ANTONIO'!BJ27 -> 131.33333 | V3: ='[1]SANTO ANTONIO'!BM27 -> #DIV/0! | W3: ='[1]SANTO ANTONIO'!BP27 -> #DIV/0! | X3: ='[1]SANTO ANTONIO'!BS27 -> #DIV/0! | Y3: ='[1]SANTO ANTONIO'!BV27 -> #DIV/0! | Z3: ='[1]SANTO ANTONIO'!BY27 -> #DIV/0! | AA3: ='[1]SANTO ANTONIO'!CB27 -> #DIV/0! | AB3: ='[1]SANTO ANTONIO'!CE27 -> #DIV/0! | AC3: ='[1]SANTO ANTONIO'!B29 -> 4 | AD3: ='[1]SANTO ANTONIO'!B30 -> 3 | AE3: ='[1]SANTO ANTONIO'!B31 -> 0 | AF3: ='[1]SANTO ANTONIO'!B32 -> 0 | AG3: ='[1]SANTO ANTONIO'!B33 -> 1 | AH3: ='[1]SANTO ANTONIO'!B35 -> 13 | AI3: ='[1]SANTO ANTONIO'!B36 -> 35359
A4: I | B4: COELHOS | C4: =[1]COELHOS!$H$26 -> 129.36364 | D4: =[1]COELHOS!$K$26 -> 114.27273 | E4: =[1]COELHOS!N26 -> 263.36364 | F4: =[1]COELHOS!Q26 -> 410.91667 | G4: =[1]COELHOS!T26 -> 126.25 | H4: =[1]COELHOS!W26 -> 215.08333 | I4: =[1]COELHOS!Z26 -> 200.41667 | J4: =[1]COELHOS!AC26 -> 169.41667 | K4: =[1]COELHOS!AF26 -> 99.545455 | L4: =[1]COELHOS!AI26 -> 184.91667 | M4: =[1]COELHOS!AL26 -> 152.45455 | N4: =[1]COELHOS!AO26 -> 263.41667 | O4: =[1]COELHOS!AR26 -> 327.08333 | P4: =[1]COELHOS!AU26 -> 140.09091 | Q4: =[1]COELHOS!AX26 -> 192.33333 | R4: =[1]COELHOS!BA26 -> 206.75 | S4: =[1]COELHOS!BD26 -> 315.41667 | T4: =[1]COELHOS!BG26 -> 341.08333 | U4: =[1]COELHOS!BJ26 -> 174.66667 | V4: =[1]COELHOS!BM26 -> #DIV/0! | W4: =[1]COELHOS!BP26 -> #DIV/0! | X4: =[1]COELHOS!BS26 -> #DIV/0! | Y4: =[1]COELHOS!BV26 -> #DIV/0! | Z4: =[1]COELHOS!BY26 -> #DIV/0! | AA4: =[1]COELHOS!CB26 -> #DIV/0! | AB4: =[1]COELHOS!CE26 -> #DIV/0! | AC4: =[1]COELHOS!B28 -> 0 | AD4: =[1]COELHOS!B29 -> 6 | AE4: =[1]COELHOS!B30 -> 0 | AF4: =[1]COELHOS!B31 -> 0 | AG4: =[1]COELHOS!B32 -> 0 | AH4: =[1]COELHOS!B34 -> 12 | AI4: =[1]COELHOS!$B$35 -> 47423
A5: I | B5: PAISSANDU | C5: =[1]PAISSANDU!H20 -> 338.16667 | D5: =[1]PAISSANDU!K20 -> 276.16667 | E5: =[1]PAISSANDU!N20 -> 431.83333 | F5: =[1]PAISSANDU!Q20 -> 471.83333 | G5: =[1]PAISSANDU!T20 -> 473.16667 | H5: =[1]PAISSANDU!W20 -> 344.83333 | I5: =[1]PAISSANDU!Z20 -> 375.5 | J5: =[1]PAISSANDU!AC20 -> 569.66667 | K5: =[1]PAISSANDU!AF20 -> 293.16667 | L5: =[1]PAISSANDU!AI20 -> 466.16667 | M5: =[1]PAISSANDU!AL20 -> 417.33333 | N5: =[1]PAISSANDU!AO20 -> 339.5 | O5: =[1]PAISSANDU!AR20 -> 222.66667 | P5: =[1]PAISSANDU!AU20 -> 171.83333 | Q5: =[1]PAISSANDU!AX20 -> 138 | R5: =[1]PAISSANDU!BA20 -> 173.33333 | S5: =[1]PAISSANDU!BD20 -> 188.83333 | T5: =[1]PAISSANDU!BG20 -> 112.16667 | U5: =[1]PAISSANDU!BJ20 -> 158.4 | V5: =[1]PAISSANDU!BM20 -> #DIV/0! | W5: =[1]PAISSANDU!BP20 -> #DIV/0! | X5: =[1]PAISSANDU!BS20 -> #DIV/0! | Y5: =[1]PAISSANDU!BV20 -> #DIV/0! | Z5: =[1]PAISSANDU!BY20 -> #DIV/0! | AA5: =[1]PAISSANDU!CB20 -> #DIV/0! | AB5: =[1]PAISSANDU!CE20 -> #DIV/0! | AC5: =[1]PAISSANDU!B23 -> 0 | AD5: =[1]PAISSANDU!B24 -> 1 | AE5: =[1]PAISSANDU!B25 -> 0 | AF5: =[1]PAISSANDU!B26 -> 0 | AG5: =[1]PAISSANDU!B27 -> 0 | AH5: =[1]PAISSANDU!$B$29 -> 6 | AI5: =[1]PAISSANDU!$B$30 -> 35617
A6: I | B6: CABANGA | C6: =[1]CABANGA!H27 -> 75.4 | D6: =[1]CABANGA!K27 -> 109.23077 | E6: =[1]CABANGA!N27 -> 159.84615 | F6: =[1]CABANGA!Q27 -> 112.30769 | G6: =[1]CABANGA!T27 -> 190.66667 | H6: =[1]CABANGA!W27 -> 77.583333 | I6: =[1]CABANGA!Z27 -> 146.09091 | J6: =[1]CABANGA!AC27 -> 180.66667 | K6: =[1]CABANGA!AF27 -> 71 | L6: =[1]CABANGA!AI27 -> 214.66667 | M6: =[1]CABANGA!AL27 -> 264.61538 | N6: =[1]CABANGA!AO27 -> 196.33333 | O6: =[1]CABANGA!AR27 -> 80.181818 | P6: =[1]CABANGA!AU27 -> 50.75 | Q6: =[1]CABANGA!AX27 -> 296.84615 | R6: =[1]CABANGA!BA27 -> 106.15385 | S6: =[1]CABANGA!BD27 -> 90.538462 | T6: =[1]CABANGA!BG27 -> 147 | U6: =[1]CABANGA!BJ27 -> 85.230769 | V6: =[1]CABANGA!BM27 -> #DIV/0! | W6: =[1]CABANGA!BP27 -> #DIV/0! | X6: =[1]CABANGA!BS27 -> #DIV/0! | Y6: =[1]CABANGA!BV27 -> #DIV/0! | Z6: =[1]CABANGA!BY27 -> #DIV/0! | AA6: =[1]CABANGA!CB27 -> #DIV/0! | AB6: =[1]CABANGA!CE27 -> #DIV/0! | AC6: =[1]CABANGA!B30 -> 3 | AD6: =[1]CABANGA!B31 -> 10 | AE6: =[1]CABANGA!B32 -> 0 | AF6: =[1]CABANGA!B33 -> 0 | AG6: =[1]CABANGA!B34 -> 3 | AH6: =[1]CABANGA!$B$36 -> 13 | AI6: =[1]CABANGA!$B$37 -> 32856
A7: I | B7: SANTO AMARO | C7: ='[1]SANTO AMARO '!H98 -> 193.51807 | D7: ='[1]SANTO AMARO '!K98 -> 183.65432 | E7: ='[1]SANTO AMARO '!N98 -> 272.5119 | F7: ='[1]SANTO AMARO '!Q98 -> 422.36585 | G7: ='[1]SANTO AMARO '!T98 -> 260.52439 | H7: ='[1]SANTO AMARO '!W98 -> 326.78049 | I7: ='[1]SANTO AMARO '!Z98 -> 210.92683 | J7: ='[1]SANTO AMARO '!AC98 -> 182.10256 | K7: ='[1]SANTO AMARO '!AF98 -> 150.26506 | L7: ='[1]SANTO AMARO '!AI98 -> 277.22222 | M7: ='[1]SANTO AMARO '!AL98 -> 360.46988 | N7: ='[1]SANTO AMARO '!AO98 -> 298.73494 | O7: ='[1]SANTO AMARO '!AR98 -> 235.9759 | P7: ='[1]SANTO AMARO '!AU98 -> 197.11905 | Q7: ='[1]SANTO AMARO '!AX98 -> 234.24096 | R7: ='[1]SANTO AMARO '!BA98 -> 180.85542 | S7: ='[1]SANTO AMARO '!BD98 -> 180.40741 | T7: ='[1]SANTO AMARO '!BG98 -> 136.39241 | U7: ='[1]SANTO AMARO '!BJ98 -> 196.91566 | V7: ='[1]SANTO AMARO '!BM98 -> #DIV/0! | W7: ='[1]SANTO AMARO '!BP98 -> #DIV/0! | X7: ='[1]SANTO AMARO '!BS98 -> #DIV/0! | Y7: ='[1]SANTO AMARO '!BV98 -> #DIV/0! | Z7: ='[1]SANTO AMARO '!BY98 -> #DIV/0! | AA7: ='[1]SANTO AMARO '!CB98 -> #DIV/0! | AB7: ='[1]SANTO AMARO '!CE98 -> #DIV/0! | AC7: ='[1]SANTO AMARO '!B101 -> 10 | AD7: ='[1]SANTO AMARO '!B102 -> 12 | AE7: ='[1]SANTO AMARO '!B103 -> 0 | AF7: ='[1]SANTO AMARO '!B104 -> 0 | AG7: ='[1]SANTO AMARO '!B105 -> 5 | AH7: ='[1]SANTO AMARO '!$B$107 -> 84 | AI7: ='[1]SANTO AMARO '!$B$108 -> 370092
A8: I | B8: ILHA DO LEITE | C8: ='[1]ILHA DO LEITE'!H20 -> 296.25 | D8: ='[1]ILHA DO LEITE'!K20 -> 216.83333 | E8: ='[1]ILHA DO LEITE'!N20 -> 431.33333 | F8: ='[1]ILHA DO LEITE'!Q20 -> 267.33333 | G8: ='[1]ILHA DO LEITE'!T20 -> 472.83333 | H8: ='[1]ILHA DO LEITE'!W20 -> 413.83333 | I8: ='[1]ILHA DO LEITE'!Z20 -> 214 | J8: ='[1]ILHA DO LEITE'!AC20 -> 222.83333 | K8: ='[1]ILHA DO LEITE'!AF20 -> 78.333333 | L8: ='[1]ILHA DO LEITE'!AI20 -> 265 | M8: ='[1]ILHA DO LEITE'!AL20 -> 433.66667 | N8: ='[1]ILHA DO LEITE'!AO20 -> 255 | O8: ='[1]ILHA DO LEITE'!AR20 -> 177.8 | P8: ='[1]ILHA DO LEITE'!AU20 | Q8: ='[1]ILHA DO LEITE'!AX20 -> 190.16667 | R8: ='[1]ILHA DO LEITE'!BA20 -> 190.33333 | S8: ='[1]ILHA DO LEITE'!BD20 -> 201 | T8: ='[1]ILHA DO LEITE'!BG20 -> 104.83333 | U8: ='[1]ILHA DO LEITE'!BJ20 -> 243.16667 | V8: ='[1]ILHA DO LEITE'!BM20 -> #DIV/0! | W8: ='[1]ILHA DO LEITE'!BP20 -> #DIV/0! | X8: ='[1]ILHA DO LEITE'!BS20 -> #DIV/0! | Y8: ='[1]ILHA DO LEITE'!BV20 -> #DIV/0! | Z8: ='[1]ILHA DO LEITE'!BY20 -> #DIV/0! | AA8: ='[1]ILHA DO LEITE'!CB20 -> #DIV/0! | AB8: ='[1]ILHA DO LEITE'!CE20 -> #DIV/0! | AC8: ='[1]ILHA DO LEITE'!B22 -> 3 | AD8: ='[1]ILHA DO LEITE'!B23 -> 3 | AE8: ='[1]ILHA DO LEITE'!B24 -> 0 | AF8: ='[1]ILHA DO LEITE'!B25 -> 0 | AG8: ='[1]ILHA DO LEITE'!B26 -> 1 | AH8: ='[1]ILHA DO LEITE'!$B$28 -> 6 | AI8: ='[1]ILHA DO LEITE'!$B$29 -> 27909
A9: I | B9: SOLEDADE | C9: =[1]SOLEDADE!H23 -> 72 | D9: =[1]SOLEDADE!K23 -> 329.44444 | E9: =[1]SOLEDADE!N23 -> 423.88889 | F9: =[1]SOLEDADE!Q23 -> 355.77778 | G9: =[1]SOLEDADE!T23 -> 314 | H9: =[1]SOLEDADE!W23 -> 451.75 | I9: =[1]SOLEDADE!Z23 -> 186.44444 | J9: =[1]SOLEDADE!AC23 -> 211 | K9: =[1]SOLEDADE!AF23 -> 93.375 | L9: =[1]SOLEDADE!AI23 -> 198.11111 | M9: =[1]SOLEDADE!AL23 -> 183.44444 | N9: =[1]SOLEDADE!AO23 -> 251.55556 | O9: =[1]SOLEDADE!AR23 -> 235.44444 | P9: =[1]SOLEDADE!AU23 -> 109.66667 | Q9: =[1]SOLEDADE!AX23 -> 142.88889 | R9: =[1]SOLEDADE!BA23 -> 91.625 | S9: =[1]SOLEDADE!BD23 -> 110 | T9: =[1]SOLEDADE!BG23 -> 146.11111 | U9: =[1]SOLEDADE!BJ23 -> 145.77778 | V9: =[1]SOLEDADE!BM23 -> #DIV/0! | W9: =[1]SOLEDADE!BP23 -> #DIV/0! | X9: =[1]SOLEDADE!BS23 -> #DIV/0! | Y9: =[1]SOLEDADE!BV23 -> #DIV/0! | Z9: =[1]SOLEDADE!BY23 -> #DIV/0! | AA9: =[1]SOLEDADE!CB23 -> #DIV/0! | AB9: =[1]SOLEDADE!CE23 -> #DIV/0! | AC9: =[1]SOLEDADE!B26 -> 0 | AD9: =[1]SOLEDADE!B27 -> 2 | AE9: =[1]SOLEDADE!B28 -> 0 | AF9: =[1]SOLEDADE!B29 -> 0 | AG9: =[1]SOLEDADE!B30 -> 0 | AH9: =[1]SOLEDADE!$B$32 -> 9 | AI9: =[1]SOLEDADE!$B$33 -> 35614
A10: I | B10: SÃO JOSÉ | C10: ='[1]SÃO JOSÉ'!$H$61 -> 176.6087 | D10: ='[1]SÃO JOSÉ'!$K$61 -> 136.38636 | E10: ='[1]SÃO JOSÉ'!$N$61 -> 225.97436 | F10: ='[1]SÃO JOSÉ'!$Q$61 -> 158.65217 | G10: ='[1]SÃO JOSÉ'!$T$61 -> 145.37778 | H10: ='[1]SÃO JOSÉ'!$W$61 -> 214.80952 | I10: ='[1]SÃO JOSÉ'!$Z$61 -> 129.78571 | J10: ='[1]SÃO JOSÉ'!$AC$61 -> 185.46341 | K10: ='[1]SÃO JOSÉ'!$AF$61 -> 130.5 | L10: ='[1]SÃO JOSÉ'!$AI$61 -> 271.23913 | M10: ='[1]SÃO JOSÉ'!$AL$61 -> 285.69565 | N10: ='[1]SÃO JOSÉ'!$AO$61 -> 267.4 | O10: ='[1]SÃO JOSÉ'!$AR$61 -> 107.26087 | P10: ='[1]SÃO JOSÉ'!$AU$61 -> 190.02128 | Q10: ='[1]SÃO JOSÉ'!$AX$61 -> 178.13043 | R10: ='[1]SÃO JOSÉ'!$BA$61 -> 173.84091 | S10: ='[1]SÃO JOSÉ'!$BD$61 -> 173.77273 | T10: ='[1]SÃO JOSÉ'!$BG$61 -> 157.42222 | U10: ='[1]SÃO JOSÉ'!$BJ$61 -> 176.62222 | V10: ='[1]SÃO JOSÉ'!$BM$61 -> #DIV/0! | W10: ='[1]SÃO JOSÉ'!$BP$61 -> #DIV/0! | X10: ='[1]SÃO JOSÉ'!$BS$61 -> #DIV/0! | Y10: ='[1]SÃO JOSÉ'!$BV$61 -> #DIV/0! | Z10: ='[1]SÃO JOSÉ'!$BY$61 -> #DIV/0! | AA10: ='[1]SÃO JOSÉ'!$CB$61 -> #DIV/0! | AB10: ='[1]SÃO JOSÉ'!$CE$61 -> #DIV/0! | AC10: ='[1]SÃO JOSÉ'!B66 -> 14 | AD10: ='[1]SÃO JOSÉ'!B67 -> 18 | AE10: ='[1]SÃO JOSÉ'!B68 -> 0 | AF10: ='[1]SÃO JOSÉ'!B69 -> 0 | AG10: ='[1]SÃO JOSÉ'!B70 -> 11 | AH10: ='[1]SÃO JOSÉ'!$B$72 -> 47 | AI10: ='[1]SÃO JOSÉ'!$B$73 -> 154374
A11: I | B11: ILHA JOANA BEZERRA | C11: ='[1]ILHA JOANA BEZERRA'!H36 -> 104.66667 | D11: ='[1]ILHA JOANA BEZERRA'!K36 -> 225.9 | E11: ='[1]ILHA JOANA BEZERRA'!N36 -> 267.5 | F11: ='[1]ILHA JOANA BEZERRA'!Q36 -> 276.18182 | G11: ='[1]ILHA JOANA BEZERRA'!T36 -> 203.04545 | H11: ='[1]ILHA JOANA BEZERRA'!W36 -> 286.22727 | I11: ='[1]ILHA JOANA BEZERRA'!Z36 -> 272.38095 | J11: ='[1]ILHA JOANA BEZERRA'!AC36 -> 194.52381 | K11: ='[1]ILHA JOANA BEZERRA'!AF36 -> 125.63636 | L11: ='[1]ILHA JOANA BEZERRA'!AI36 -> 186.36364 | M11: ='[1]ILHA JOANA BEZERRA'!AL36 -> 242.72727 | N11: ='[1]ILHA JOANA BEZERRA'!AO36 -> 220.09091 | O11: ='[1]ILHA JOANA BEZERRA'!AR36 -> 111.95455 | P11: ='[1]ILHA JOANA BEZERRA'!AU36 -> 121.05 | Q11: ='[1]ILHA JOANA BEZERRA'!AX36 -> 168 | R11: ='[1]ILHA JOANA BEZERRA'!BA36 -> 232.73684 | S11: ='[1]ILHA JOANA BEZERRA'!BD36 -> 283.14286 | T11: ='[1]ILHA JOANA BEZERRA'!BG36 -> 251.31818 | U11: ='[1]ILHA JOANA BEZERRA'!BJ36 -> 175.59091 | V11: ='[1]ILHA JOANA BEZERRA'!BM36 -> #DIV/0! | W11: ='[1]ILHA JOANA BEZERRA'!BP36 -> #DIV/0! | X11: ='[1]ILHA JOANA BEZERRA'!BS36 -> #DIV/0! | Y11: ='[1]ILHA JOANA BEZERRA'!BV36 -> #DIV/0! | Z11: ='[1]ILHA JOANA BEZERRA'!BY36 -> #DIV/0! | AA11: ='[1]ILHA JOANA BEZERRA'!CB36 -> #DIV/0! | AB11: ='[1]ILHA JOANA BEZERRA'!CE36 -> #DIV/0! | AC11: ='[1]ILHA JOANA BEZERRA'!B41 -> 0 | AD11: ='[1]ILHA JOANA BEZERRA'!B42 -> 4 | AE11: ='[1]ILHA JOANA BEZERRA'!B43 -> 0 | AF11: ='[1]ILHA JOANA BEZERRA'!B44 -> 0 | AG11: ='[1]ILHA JOANA BEZERRA'!B45 -> 0 | AH11: ='[1]ILHA JOANA BEZERRA'!$B$47 -> 22 | AI11: ='[1]ILHA JOANA BEZERRA'!$B$48 -> 84632
A12: I | B12: BOA VISTA | C12: ='[1]BOA VISTA'!G59 -> 207.325 | D12: ='[1]BOA VISTA'!J59 -> 256.16279 | E12: ='[1]BOA VISTA'!M59 -> 334.95556 | F12: ='[1]BOA VISTA'!P59 -> 353.44444 | G12: ='[1]BOA VISTA'!S59 -> 190.11628 | H12: ='[1]BOA VISTA'!V59 -> 282.79487 | I12: ='[1]BOA VISTA'!Y59 -> 246.30952 | J12: ='[1]BOA VISTA'!AB59 -> 308.51163 | K12: ='[1]BOA VISTA'!AE59 -> 163.27273 | L12: ='[1]BOA VISTA'!AH59 -> 272.93182 | M12: ='[1]BOA VISTA'!AK59 -> 366.7907 | N12: ='[1]BOA VISTA'!AN59 -> 327.67442 | O12: ='[1]BOA VISTA'!AQ59 -> 228.72727 | P12: ='[1]BOA VISTA'!AT59 -> 203.11905 | Q12: ='[1]BOA VISTA'!AW59 -> 280.95556 | R12: ='[1]BOA VISTA'!AZ59 -> 219.26667 | S12: ='[1]BOA VISTA'!BC59 -> 267.95238 | T12: ='[1]BOA VISTA'!BF59 -> 222.20455 | U12: ='[1]BOA VISTA'!BI59 -> 214.59524 | V12: ='[1]BOA VISTA'!BL59 -> #DIV/0! | W12: ='[1]BOA VISTA'!BO59 -> #DIV/0! | X12: ='[1]BOA VISTA'!BR59 -> #DIV/0! | Y12: ='[1]BOA VISTA'!BU59 -> #DIV/0! | Z12: ='[1]BOA VISTA'!BX59 -> #DIV/0! | AA12: ='[1]BOA VISTA'!CA59 -> #DIV/0! | AB12: ='[1]BOA VISTA'!CD59 -> #DIV/0! | AC12: ='[1]BOA VISTA'!B63 -> 4 | AD12: ='[1]BOA VISTA'!B64 -> 14 | AE12: ='[1]BOA VISTA'!B65 -> 1 | AF12: ='[1]BOA VISTA'!B66 -> 0 | AG12: ='[1]BOA VISTA'!B67 -> 7 | AH12: ='[1]BOA VISTA'!$B$69 -> 45 | AI12: ='[1]BOA VISTA'!$B$70 -> 213305
A13: II | B13: ROSARINHO | C13: =[2]ROSARINHO!$H$21 -> 221.14286 | D13: =[2]ROSARINHO!K21 -> 315.14286 | E13: =[2]ROSARINHO!N21 -> 146.14286 | F13: =[2]ROSARINHO!Q21 -> 217.28571 | G13: =[2]ROSARINHO!T21 -> 298.85714 | H13: =[2]ROSARINHO!W21 -> 199.14286 | I13: =[2]ROSARINHO!Z21 -> 250.14286 | J13: =[2]ROSARINHO!AC21 -> 156.85714 | K13: =[2]ROSARINHO!AF21 -> 160.28571 | L13: =[2]ROSARINHO!AI21 -> 93 | M13: =[2]ROSARINHO!AL21 -> 329.5 | N13: =[2]ROSARINHO!AO21 -> 198.16667 | O13: =[2]ROSARINHO!AR21 -> 236.83333 | P13: =[2]ROSARINHO!AU21 -> 129.14286 | Q13: =[2]ROSARINHO!AX21 -> 196.4 | R13: =[2]ROSARINHO!BA21 -> 178.33333 | S13: =[2]ROSARINHO!BD21 -> 153.42857 | T13: =[2]ROSARINHO!BG21 -> 78.285714 | U13: =[2]ROSARINHO!BJ21 -> 219.57143 | V13: =[2]ROSARINHO!BM21 -> #DIV/0! | W13: =[2]ROSARINHO!BP21 -> #DIV/0! | X13: =[2]ROSARINHO!BS21 -> #DIV/0! | Y13: =[2]ROSARINHO!BV21 -> #DIV/0! | Z13: =[2]ROSARINHO!BY21 -> #DIV/0! | AA13: =[2]ROSARINHO!CB21 -> #DIV/0! | AB13: =[2]ROSARINHO!CE21 -> #DIV/0! | AC13: =[2]ROSARINHO!B23 -> 2 | AD13: =[2]ROSARINHO!B24 -> 2 | AE13: =[2]ROSARINHO!B25 -> 0 | AF13: =[2]ROSARINHO!B26 -> 1 | AG13: =[2]ROSARINHO!B27 -> 0 | AH13: =[2]ROSARINHO!$B$29 -> 7 | AI13: =[2]ROSARINHO!$B$30 -> 25108
A14: II | B14: LINHA DO TIRO | C14: ='[2]LINHA DO TIRO'!H42 -> 310.67857 | D14: ='[2]LINHA DO TIRO'!K42 -> 291.14286 | E14: ='[2]LINHA DO TIRO'!N42 -> 273.46429 | F14: ='[2]LINHA DO TIRO'!Q42 -> 354.40741 | G14: ='[2]LINHA DO TIRO'!T42 -> 430.48 | H14: ='[2]LINHA DO TIRO'!W42 -> 336.21429 | I14: ='[2]LINHA DO TIRO'!Z42 -> 300.35714 | J14: ='[2]LINHA DO TIRO'!AC42 -> 402.78571 | K14: ='[2]LINHA DO TIRO'!AF42 -> 222.82143 | L14: ='[2]LINHA DO TIRO'!AI42 -> 324 | M14: ='[2]LINHA DO TIRO'!AL42 -> 516.51852 | N14: ='[2]LINHA DO TIRO'!AO42 -> 238.88889 | O14: ='[2]LINHA DO TIRO'!AR42 -> 519 | P14: ='[2]LINHA DO TIRO'!AU42 -> 247.53571 | Q14: ='[2]LINHA DO TIRO'!AX42 -> 374.18519 | R14: ='[2]LINHA DO TIRO'!BA42 -> 432.59259 | S14: ='[2]LINHA DO TIRO'!BD42 -> 373.92857 | T14: ='[2]LINHA DO TIRO'!BG42 -> 161.07143 | U14: ='[2]LINHA DO TIRO'!BJ42 -> 295.10714 | V14: ='[2]LINHA DO TIRO'!BM42 -> #DIV/0! | W14: ='[2]LINHA DO TIRO'!BP42 -> #DIV/0! | X14: ='[2]LINHA DO TIRO'!BS42 -> #DIV/0! | Y14: ='[2]LINHA DO TIRO'!BV42 -> #DIV/0! | Z14: ='[2]LINHA DO TIRO'!BY42 -> #DIV/0! | AA14: ='[2]LINHA DO TIRO'!CB42 -> #DIV/0! | AB14: ='[2]LINHA DO TIRO'!CE42 -> #DIV/0! | AC14: ='[2]LINHA DO TIRO'!$B$46 -> 3 | AD14: ='[2]LINHA DO TIRO'!$B$46 -> 3 | AE14: ='[2]LINHA DO TIRO'!$B$46 -> 3 | AF14: ='[2]LINHA DO TIRO'!$B$46 -> 3 | AG14: =[2]ROSARINHO!$B$27 -> 0 | AH14: ='[2]LINHA DO TIRO'!$B$52 -> 28 | AI14: ='[2]LINHA DO TIRO'!$B$53 -> 175099
A15: II | B15: ENCRUZILHADA | C15: =[2]ENCRUZILHADA!H40 -> 276.2381 | D15: =[2]ENCRUZILHADA!K40 -> 228.53846 | E15: =[2]ENCRUZILHADA!N40 -> 484.5 | F15: =[2]ENCRUZILHADA!Q40 -> 255.42308 | G15: =[2]ENCRUZILHADA!T40 -> 331.76923 | H15: =[2]ENCRUZILHADA!W40 -> 322 | I15: =[2]ENCRUZILHADA!Z40 -> 203.96 | J15: =[2]ENCRUZILHADA!AC40 -> 271.44 | K15: =[2]ENCRUZILHADA!AF40 -> 254.56 | L15: =[2]ENCRUZILHADA!AI40 -> 281.22727 | M15: =[2]ENCRUZILHADA!AL40 -> 426.22727 | N15: =[2]ENCRUZILHADA!AO40 -> 456 | O15: =[2]ENCRUZILHADA!AR40 -> 343.91667 | P15: =[2]ENCRUZILHADA!AU40 -> 418.56522 | Q15: =[2]ENCRUZILHADA!AX40 -> 337.96 | R15: =[2]ENCRUZILHADA!BA40 -> 327.34615 | S15: =[2]ENCRUZILHADA!BD40 -> 222.68 | T15: =[2]ENCRUZILHADA!BG40 -> 124.29167 | U15: =[2]ENCRUZILHADA!BJ40 -> 146.7619 | V15: =[2]ENCRUZILHADA!BM40 -> #DIV/0! | W15: =[2]ENCRUZILHADA!BP40 -> #DIV/0! | X15: =[2]ENCRUZILHADA!BS40 -> #DIV/0! | Y15: =[2]ENCRUZILHADA!BV40 -> #DIV/0! | Z15: =[2]ENCRUZILHADA!BY40 -> #DIV/0! | AA15: =[2]ENCRUZILHADA!CB40 -> #DIV/0! | AB15: =[2]ENCRUZILHADA!CE40 -> #DIV/0! | AC15: =[2]ENCRUZILHADA!B43 -> 17 | AD15: =[2]ENCRUZILHADA!B44 -> 8 | AE15: =[2]ENCRUZILHADA!B45 -> 2 | AF15: =[2]ENCRUZILHADA!B46 -> 0 | AG15: =[2]ENCRUZILHADA!B47 -> 10 | AH15: =[2]ENCRUZILHADA!$B$49 -> 26 | AI15: =[2]ENCRUZILHADA!$B$50 -> 137140
A16: II | B16: DOIS UNIDOS | C16: ='[2]DOIS UNIDOS'!H82 -> 173.58333 | D16: ='[2]DOIS UNIDOS'!K82 -> 187.18033 | E16: ='[2]DOIS UNIDOS'!N82 -> 344.625 | F16: ='[2]DOIS UNIDOS'!Q82 -> 343.31148 | G16: ='[2]DOIS UNIDOS'!T82 -> 284.28814 | H16: ='[2]DOIS UNIDOS'!W82 -> 273.10909 | I16: ='[2]DOIS UNIDOS'!Z82 -> 312.21311 | J16: ='[2]DOIS UNIDOS'!AC82 -> 229.57143 | K16: ='[2]DOIS UNIDOS'!AF82 -> 166.51562 | L16: ='[2]DOIS UNIDOS'!AI82 -> 349.19355 | M16: ='[2]DOIS UNIDOS'!AL82 -> 303.8209 | N16: ='[2]DOIS UNIDOS'!AO82 -> 242.0625 | O16: ='[2]DOIS UNIDOS'!AR82 -> 272.30159 | P16: ='[2]DOIS UNIDOS'!AU82 -> 206.90625 | Q16: ='[2]DOIS UNIDOS'!AX82 -> 293.74194 | R16: ='[2]DOIS UNIDOS'!BA82 -> 214.56923 | S16: ='[2]DOIS UNIDOS'!BD82 -> 193.23077 | T16: ='[2]DOIS UNIDOS'!BG82 -> 216.50769 | U16: ='[2]DOIS UNIDOS'!BJ82 -> 243.87879 | V16: ='[2]DOIS UNIDOS'!BM82 -> #DIV/0! | W16: ='[2]DOIS UNIDOS'!BP82 -> #DIV/0! | X16: ='[2]DOIS UNIDOS'!BS82 -> #DIV/0! | Y16: ='[2]DOIS UNIDOS'!BV82 -> #DIV/0! | Z16: ='[2]DOIS UNIDOS'!BY82 -> #DIV/0! | AA16: ='[2]DOIS UNIDOS'!CB82 -> #DIV/0! | AB16: ='[2]DOIS UNIDOS'!CE82 -> #DIV/0! | AC16: ='[2]DOIS UNIDOS'!B86 -> 64 | AD16: ='[2]DOIS UNIDOS'!B87 -> 31 | AE16: ='[2]DOIS UNIDOS'!B88 -> 0 | AF16: ='[2]DOIS UNIDOS'!B89 -> 0 | AG16: ='[2]DOIS UNIDOS'!B90 -> 49 | AH16: ='[2]DOIS UNIDOS'!$B$92 -> 68 | AI16: ='[2]DOIS UNIDOS'!$B$93 -> 300816
A17: II | B17: ÁGUA FRIA | C17: ='[2]ÁGUA FRIA'!H78 -> 242.2069 | D17: ='[2]ÁGUA FRIA'!K78 -> 211.59322 | E17: ='[2]ÁGUA FRIA'!N78 -> 348.35593 | F17: ='[2]ÁGUA FRIA'!Q78 -> 440.85714 | G17: ='[2]ÁGUA FRIA'!T78 -> 365.90164 | H17: ='[2]ÁGUA FRIA'!W78 -> 309.3 | I17: ='[2]ÁGUA FRIA'!Z78 -> 501.5873 | J17: ='[2]ÁGUA FRIA'!AC78 -> 299 | K17: ='[2]ÁGUA FRIA'!AF78 -> 163.12903 | L17: ='[2]ÁGUA FRIA'!AI78 -> 299.19048 | M17: ='[2]ÁGUA FRIA'!AL78 -> 396.21311 | N17: ='[2]ÁGUA FRIA'!AO78 -> 291.32759 | O17: ='[2]ÁGUA FRIA'!AR78 -> 460.08333 | P17: ='[2]ÁGUA FRIA'!AU78 -> 316.32812 | Q17: ='[2]ÁGUA FRIA'!AX78 -> 386.74194 | R17: ='[2]ÁGUA FRIA'!BA78 -> 348.87931 | S17: ='[2]ÁGUA FRIA'!BD78 -> 381.6 | T17: ='[2]ÁGUA FRIA'!BG78 -> 384.55 | U17: ='[2]ÁGUA FRIA'!BJ78 -> 257.29825 | V17: ='[2]ÁGUA FRIA'!BM78 -> #DIV/0! | W17: ='[2]ÁGUA FRIA'!BP78 -> #DIV/0! | X17: ='[2]ÁGUA FRIA'!BS78 -> #DIV/0! | Y17: ='[2]ÁGUA FRIA'!BV78 -> #DIV/0! | Z17: ='[2]ÁGUA FRIA'!BY78 -> #DIV/0! | AA17: ='[2]ÁGUA FRIA'!CB78 -> #DIV/0! | AB17: ='[2]ÁGUA FRIA'!CE78 -> #DIV/0! | AC17: ='[2]ÁGUA FRIA'!B82 -> 33 | AD17: ='[2]ÁGUA FRIA'!B83 -> 30 | AE17: ='[2]ÁGUA FRIA'!B84 -> 0 | AF17: ='[2]ÁGUA FRIA'!B85 -> 0 | AG17: ='[2]ÁGUA FRIA'!B86 -> 30 | AH17: ='[2]ÁGUA FRIA'!$B$88 -> 64 | AI17: ='[2]ÁGUA FRIA'!$B$89 -> 387107
A18: II | B18: CAJUEIRO | C18: =[2]CAJUEIRO!H31 -> 119.76471 | D18: =[2]CAJUEIRO!K31 -> 126.26667 | E18: =[2]CAJUEIRO!N31 -> 270.70588 | F18: =[2]CAJUEIRO!Q31 -> 469.9375 | G18: =[2]CAJUEIRO!T31 -> 191.88235 | H18: =[2]CAJUEIRO!W31 -> 199.9375 | I18: =[2]CAJUEIRO!Z31 -> 291.875 | J18: =[2]CAJUEIRO!AC31 -> 458.93333 | K18: =[2]CAJUEIRO!AF31 -> 143.4 | L18: =[2]CAJUEIRO!AI31 -> 562.23529 | M18: =[2]CAJUEIRO!AL31 -> 421.93333 | N18: =[2]CAJUEIRO!AO31 -> 294.1875 | O18: =[2]CAJUEIRO!AR31 -> 304.35294 | P18: =[2]CAJUEIRO!AU31 -> 312.29412 | Q18: =[2]CAJUEIRO!AX31 -> 273.35294 | R18: =[2]CAJUEIRO!BA31 -> 236.05882 | S18: =[2]CAJUEIRO!BD31 -> 215.66667 | T18: =[2]CAJUEIRO!BG31 -> 249.6875 | U18: =[2]CAJUEIRO!BJ31 -> 251.5625 | V18: =[2]CAJUEIRO!BM31 -> #DIV/0! | W18: =[2]CAJUEIRO!BP31 -> #DIV/0! | X18: =[2]CAJUEIRO!BS31 -> #DIV/0! | Y18: =[2]CAJUEIRO!BV31 -> #DIV/0! | Z18: =[2]CAJUEIRO!BY31 -> #DIV/0! | AA18: =[2]CAJUEIRO!CB31 -> #DIV/0! | AB18: =[2]CAJUEIRO!CE31 -> #DIV/0! | AC18: =[2]CAJUEIRO!B34 -> 6 | AD18: =[2]CAJUEIRO!B35 -> 8 | AE18: =[2]CAJUEIRO!B36 -> 1 | AF18: =[2]CAJUEIRO!B37 -> 0 | AG18: =[2]CAJUEIRO!B38 -> 8 | AH18: =[2]CAJUEIRO!$B$40 -> 17 | AI18: =[2]CAJUEIRO!$B$41 -> 87209
A19: II | B19: BEBERIBE | C19: =[2]BEBERIBE!H31 -> 418.64706 | D19: =[2]BEBERIBE!K31 -> 242.94118 | E19: =[2]BEBERIBE!N31 -> 319.70588 | F19: =[2]BEBERIBE!Q31 -> 300.11765 | G19: =[2]BEBERIBE!T31 -> 330.47059 | H19: =[2]BEBERIBE!W31 -> 218.29412 | I19: =[2]BEBERIBE!Z31 -> 569.35294 | J19: =[2]BEBERIBE!AC31 -> 373.76471 | K19: =[2]BEBERIBE!AF31 -> 127.25 | L19: =[2]BEBERIBE!AI31 -> 156.58824 | M19: =[2]BEBERIBE!AL31 -> 197.29412 | N19: =[2]BEBERIBE!AO31 -> 413.29412 | O19: =[2]BEBERIBE!AR31 -> 315.82353 | P19: =[2]BEBERIBE!AU31 -> 339.5625 | Q19: =[2]BEBERIBE!AX31 -> 350.47059 | R19: =[2]BEBERIBE!BA31 -> 312.52941 | S19: =[2]BEBERIBE!BD31 -> 281.23529 | T19: =[2]BEBERIBE!BG31 -> 283.41176 | U19: =[2]BEBERIBE!BJ31 -> 179 | V19: =[2]BEBERIBE!BM31 -> #DIV/0! | W19: =[2]BEBERIBE!BP31 -> #DIV/0! | X19: =[2]BEBERIBE!BS31 -> #DIV/0! | Y19: =[2]BEBERIBE!BV31 -> #DIV/0! | Z19: =[2]BEBERIBE!BY31 -> #DIV/0! | AA19: =[2]BEBERIBE!CB31 -> #DIV/0! | AB19: =[2]BEBERIBE!CE31 -> #DIV/0! | AC19: =[2]BEBERIBE!B34 -> 0 | AD19: =[2]BEBERIBE!B35 -> 2 | AE19: =[2]BEBERIBE!B36 -> 0 | AF19: =[2]BEBERIBE!B37 -> 0 | AG19: =[2]BEBERIBE!B38 -> 1 | AH19: =[2]BEBERIBE!$B$40 -> 17 | AI19: =[2]BEBERIBE!$B$41 -> 96939
A20: II | B20: PORTO DA MADEIRA | C20: ='[2]PORTO DA MADEIRA'!H27 -> 245.75 | D20: ='[2]PORTO DA MADEIRA'!K27 -> 218.6 | E20: ='[2]PORTO DA MADEIRA'!N27 -> 372.69231 | F20: ='[2]PORTO DA MADEIRA'!Q27 -> 417.53846 | G20: ='[2]PORTO DA MADEIRA'!T27 -> 304.83333 | H20: ='[2]PORTO DA MADEIRA'!W27 -> 378.25 | I20: ='[2]PORTO DA MADEIRA'!Z27 -> 174.83333 | J20: ='[2]PORTO DA MADEIRA'!AC27 -> 219.69231 | K20: ='[2]PORTO DA MADEIRA'!AF27 -> 194.76923 | L20: ='[2]PORTO DA MADEIRA'!AI27 -> 276.8 | M20: ='[2]PORTO DA MADEIRA'!AL27 -> 274.90909 | N20: ='[2]PORTO DA MADEIRA'!AO27 -> 174.25 | O20: ='[2]PORTO DA MADEIRA'!AR27 -> 200.23077 | P20: ='[2]PORTO DA MADEIRA'!AU27 -> 164.38462 | Q20: ='[2]PORTO DA MADEIRA'!AX27 -> 238.69231 | R20: ='[2]PORTO DA MADEIRA'!BA27 -> 234.61538 | S20: ='[2]PORTO DA MADEIRA'!BD27 -> 243.83333 | T20: ='[2]PORTO DA MADEIRA'!BG27 -> 395.76923 | U20: ='[2]PORTO DA MADEIRA'!BJ27 -> 178.5 | V20: ='[2]PORTO DA MADEIRA'!BM27 -> #DIV/0! | W20: ='[2]PORTO DA MADEIRA'!BP27 -> #DIV/0! | X20: ='[2]PORTO DA MADEIRA'!BS27 -> #DIV/0! | Y20: ='[2]PORTO DA MADEIRA'!BV27 -> #DIV/0! | Z20: ='[2]PORTO DA MADEIRA'!BY27 -> #DIV/0! | AA20: ='[2]PORTO DA MADEIRA'!CB27 -> #DIV/0! | AB20: ='[2]PORTO DA MADEIRA'!CE27 -> #DIV/0! | AC20: ='[2]PORTO DA MADEIRA'!B30 -> 8 | AD20: ='[2]PORTO DA MADEIRA'!B31 -> 6 | AE20: ='[2]PORTO DA MADEIRA'!B32 -> 0 | AF20: ='[2]PORTO DA MADEIRA'!B33 -> 0 | AG20: ='[2]PORTO DA MADEIRA'!B34 -> 3 | AH20: ='[2]PORTO DA MADEIRA'!$B$36 -> 13 | AI20: ='[2]PORTO DA MADEIRA'!$B$37 -> 60080
A21: II | B21: FUNDÃO | C21: =[2]FUNDÃO!H30 -> 163.4375 | D21: =[2]FUNDÃO!K30 -> 220.1875 | E21: =[2]FUNDÃO!N30 -> 457.4375 | F21: =[2]FUNDÃO!Q30 -> 283.4 | G21: =[2]FUNDÃO!T30 -> 203.2 | H21: =[2]FUNDÃO!W30 -> 226.375 | I21: =[2]FUNDÃO!Z30 -> 537.8125 | J21: =[2]FUNDÃO!AC30 -> 262.9375 | K21: =[2]FUNDÃO!AF30 -> 134.5 | L21: =[2]FUNDÃO!AI30 -> 367 | M21: =[2]FUNDÃO!AL30 -> 434.5 | N21: =[2]FUNDÃO!AO30 -> 269.625 | O21: =[2]FUNDÃO!AR30 -> 292.3125 | P21: =[2]FUNDÃO!AU30 -> 277.46667 | Q21: =[2]FUNDÃO!AX30 -> 196.625 | R21: =[2]FUNDÃO!BA30 -> 281.9375 | S21: =[2]FUNDÃO!BD30 -> 244.4375 | T21: =[2]FUNDÃO!BG30 -> 306.75 | U21: =[2]FUNDÃO!BJ30 -> 166.3125 | V21: =[2]FUNDÃO!BM30 -> #DIV/0! | W21: =[2]FUNDÃO!BP30 -> #DIV/0! | X21: =[2]FUNDÃO!BS30 -> #DIV/0! | Y21: =[2]FUNDÃO!BV30 -> #DIV/0! | Z21: =[2]FUNDÃO!BY30 -> #DIV/0! | AA21: =[2]FUNDÃO!CB30 -> #DIV/0! | AB21: =[2]FUNDÃO!CE30 -> #DIV/0! | AC21: =[2]FUNDÃO!B33 -> 1 | AD21: =[2]FUNDÃO!B34 -> 2 | AE21: =[2]FUNDÃO!B35 -> 0 | AF21: =[2]FUNDÃO!B36 -> 0 | AG21: =[2]FUNDÃO!B37 -> 2 | AH21: =[2]FUNDÃO!$B$39 -> 16 | AI21: =[2]FUNDÃO!$B$40 -> 84456
A22: II | B22: HIPÓDROMO | C22: =[2]HIPODROMO!H23 -> 164.44444 | D22: =[2]HIPODROMO!K23 -> 212.75 | E22: =[2]HIPODROMO!N23 -> 241.375 | F22: =[2]HIPODROMO!Q23 -> 309.55556 | G22: =[2]HIPODROMO!T23 -> 176.55556 | H22: =[2]HIPODROMO!W23 -> 225.11111 | I22: =[2]HIPODROMO!Z23 -> 153.44444 | J22: =[2]HIPODROMO!AC23 -> 163.625 | K22: =[2]HIPODROMO!AF23 -> 240.22222 | L22: =[2]HIPODROMO!AI23 -> 238.55556 | M22: =[2]HIPODROMO!AL23 -> 362.88889 | N22: =[2]HIPODROMO!AO23 -> 109.33333 | O22: =[2]HIPODROMO!AR23 -> 208.88889 | P22: =[2]HIPODROMO!AU23 -> 187.44444 | Q22: =[2]HIPODROMO!AX23 -> 238 | R22: =[2]HIPODROMO!BA23 -> 193.22222 | S22: =[2]HIPODROMO!BD23 -> 282.44444 | T22: =[2]HIPODROMO!BG23 -> 129.11111 | U22: =[2]HIPODROMO!BJ23 -> 139.33333 | V22: =[2]HIPODROMO!BM23 -> #DIV/0! | W22: =[2]HIPODROMO!BP23 -> #DIV/0! | X22: =[2]HIPODROMO!BS23 -> #DIV/0! | Y22: =[2]HIPODROMO!BV23 -> #DIV/0! | Z22: =[2]HIPODROMO!BY23 -> #DIV/0! | AA22: =[2]HIPODROMO!CB23 -> #DIV/0! | AB22: =[2]HIPODROMO!CE23 -> #DIV/0! | AC22: =[2]HIPODROMO!B27 -> 0 | AD22: =[2]HIPODROMO!B28 -> 3 | AE22: =[2]HIPODROMO!B29 -> 0 | AF22: =[2]HIPODROMO!B30 -> 0 | AG22: =[2]HIPODROMO!B31 -> 3 | AH22: =[2]HIPODROMO!$B$33 -> 9 | AI22: =[2]HIPODROMO!$B$34 -> 35169
A23: II | B23: TORREÃO | C23: =[2]TORREÃO!H17 -> 115.33333 | D23: =[2]TORREÃO!K17 -> 159 | E23: =[2]TORREÃO!N17 -> 120.33333 | F23: =[2]TORREÃO!Q17 -> 76 | G23: =[2]TORREÃO!T17 -> 146.66667 | H23: =[2]TORREÃO!W17 -> 219.33333 | I23: =[2]TORREÃO!Z17 -> 91 | J23: =[2]TORREÃO!AC17 -> 83.333333 | K23: =[2]TORREÃO!AF17 -> 202 | L23: =[2]TORREÃO!AI17 -> 93.333333 | M23: =[2]TORREÃO!AL17 -> 142.66667 | N23: =[2]TORREÃO!AO17 -> 281.33333 | O23: =[2]TORREÃO!AR17 -> 213.33333 | P23: =[2]TORREÃO!AU17 -> 291 | Q23: =[2]TORREÃO!AX17 -> 167 | R23: =[2]TORREÃO!BA17 -> 49.333333 | S23: =[2]TORREÃO!BD17 -> 157.66667 | T23: =[2]TORREÃO!BG17 -> 107 | U23: =[2]TORREÃO!BJ17 -> 74 | V23: =[2]TORREÃO!BM17 -> #DIV/0! | W23: =[2]TORREÃO!BP17 -> #DIV/0! | X23: =[2]TORREÃO!BS17 -> #DIV/0! | Y23: =[2]TORREÃO!BV17 -> #DIV/0! | Z23: =[2]TORREÃO!BY17 -> #DIV/0! | AA23: =[2]TORREÃO!CB17 -> #DIV/0! | AB23: =[2]TORREÃO!CE17 -> #DIV/0! | AC23: =[2]TORREÃO!B20 -> 0 | AD23: =[2]TORREÃO!B21 -> 0 | AE23: =[2]TORREÃO!B22 -> 0 | AF23: =[2]TORREÃO!B23 -> 0 | AG23: =[2]TORREÃO!B24 -> 0 | AH23: =[2]TORREÃO!$B$26 -> 3 | AI23: =[2]TORREÃO!$B$27 -> 8369
A24: II | B24: BOMBA DO HEMETÉRIO | C24: ='[2]BOMBA DO HEMETERIO'!H35 -> 90.789474 | D24: ='[2]BOMBA DO HEMETERIO'!K35 -> 38.9375 | E24: ='[2]BOMBA DO HEMETERIO'!N35 -> 191 | F24: ='[2]BOMBA DO HEMETERIO'!Q35 -> 120.85 | G24: ='[2]BOMBA DO HEMETERIO'!T35 -> 113.95 | H24: ='[2]BOMBA DO HEMETERIO'!W35 -> 144.11111 | I24: ='[2]BOMBA DO HEMETERIO'!Z35 -> 149.6 | J24: ='[2]BOMBA DO HEMETERIO'!AC35 -> 224.35294 | K24: ='[2]BOMBA DO HEMETERIO'!AF35 -> 156.90476 | L24: ='[2]BOMBA DO HEMETERIO'!AI35 -> 280.66667 | M24: ='[2]BOMBA DO HEMETERIO'!AL35 -> 357.6 | N24: ='[2]BOMBA DO HEMETERIO'!AO35 -> 152.7619 | O24: ='[2]BOMBA DO HEMETERIO'!AR35 -> 257.52381 | P24: ='[2]BOMBA DO HEMETERIO'!AU35 -> 196.36842 | Q24: ='[2]BOMBA DO HEMETERIO'!AX35 -> 218.95238 | R24: ='[2]BOMBA DO HEMETERIO'!BA35 -> 139.05882 | S24: ='[2]BOMBA DO HEMETERIO'!BD35 -> 194.05263 | T24: ='[2]BOMBA DO HEMETERIO'!BG35 -> 253 | U24: ='[2]BOMBA DO HEMETERIO'!BJ35 -> 86.705882 | V24: ='[2]BOMBA DO HEMETERIO'!BM35 -> #DIV/0! | W24: ='[2]BOMBA DO HEMETERIO'!BP35 -> #DIV/0! | X24: ='[2]BOMBA DO HEMETERIO'!BS35 -> #DIV/0! | Y24: ='[2]BOMBA DO HEMETERIO'!BV35 -> #DIV/0! | Z24: ='[2]BOMBA DO HEMETERIO'!BY35 -> #DIV/0! | AA24: ='[2]BOMBA DO HEMETERIO'!CB35 -> #DIV/0! | AB24: ='[2]BOMBA DO HEMETERIO'!CE35 -> #DIV/0! | AC24: ='[2]BOMBA DO HEMETERIO'!B38 -> 11 | AD24: ='[2]BOMBA DO HEMETERIO'!B39 -> 11 | AE24: ='[2]BOMBA DO HEMETERIO'!B40 -> 1 | AF24: ='[2]BOMBA DO HEMETERIO'!B41 -> 0 | AG24: ='[2]BOMBA DO HEMETERIO'!B42 -> 14 | AH24: ='[2]BOMBA DO HEMETERIO'!$B$44 -> 21 | AI24: ='[2]BOMBA DO HEMETERIO'!$B$45 -> 65629
A25: II | B25: CAMPINA DO BARRETO | C25: ='[2]CAMPINA DO BARRETO'!H38 -> 196.54167 | D25: ='[2]CAMPINA DO BARRETO'!K38 -> 203.86957 | E25: ='[2]CAMPINA DO BARRETO'!N38 -> 517.63636 | F25: ='[2]CAMPINA DO BARRETO'!Q38 -> 542.04167 | G25: ='[2]CAMPINA DO BARRETO'!T38 -> 433.1 | H25: ='[2]CAMPINA DO BARRETO'!W38 -> 282.09091 | I25: ='[2]CAMPINA DO BARRETO'!Z38 -> 481.47826 | J25: ='[2]CAMPINA DO BARRETO'!AC38 -> 389.33333 | K25: ='[2]CAMPINA DO BARRETO'!AF38 -> 192.73913 | L25: ='[2]CAMPINA DO BARRETO'!AI38 -> 579.95652 | M25: ='[2]CAMPINA DO BARRETO'!AL38 -> 584.08333 | N25: ='[2]CAMPINA DO BARRETO'!AO38 -> 516.875 | O25: ='[2]CAMPINA DO BARRETO'!AR38 -> 205.36364 | P25: ='[2]CAMPINA DO BARRETO'!AU38 -> 299.41667 | Q25: ='[2]CAMPINA DO BARRETO'!AX38 -> 417.16667 | R25: ='[2]CAMPINA DO BARRETO'!BA38 -> 238.5 | S25: ='[2]CAMPINA DO BARRETO'!BD38 -> 494.95455 | T25: ='[2]CAMPINA DO BARRETO'!BG38 -> 301.2381 | U25: ='[2]CAMPINA DO BARRETO'!BJ38 -> 325.30435 | V25: ='[2]CAMPINA DO BARRETO'!BM38 -> #DIV/0! | W25: ='[2]CAMPINA DO BARRETO'!BP38 -> #DIV/0! | X25: ='[2]CAMPINA DO BARRETO'!BS38 -> #DIV/0! | Y25: ='[2]CAMPINA DO BARRETO'!BV38 -> #DIV/0! | Z25: ='[2]CAMPINA DO BARRETO'!BY38 -> #DIV/0! | AA25: ='[2]CAMPINA DO BARRETO'!CB38 -> #DIV/0! | AB25: ='[2]CAMPINA DO BARRETO'!CE38 -> #DIV/0! | AC25: ='[2]CAMPINA DO BARRETO'!B42 -> 14 | AD25: ='[2]CAMPINA DO BARRETO'!B43 -> 7 | AE25: ='[2]CAMPINA DO BARRETO'!B44 -> 0 | AF25: ='[2]CAMPINA DO BARRETO'!B45 -> 0 | AG25: ='[2]CAMPINA DO BARRETO'!B46 -> 14 | AH25: ='[2]CAMPINA DO BARRETO'!$B$48 -> 24 | AI25: ='[2]CAMPINA DO BARRETO'!$B$49 -> 164944
A26: II | B26: ARRUDA | C26: =[2]ARRUDA!H36 -> 165.90909 | D26: =[2]ARRUDA!K36 -> 151.33333 | E26: =[2]ARRUDA!N36 -> 258.47619 | F26: =[2]ARRUDA!Q36 -> 587.04762 | G26: =[2]ARRUDA!T36 -> 364.13636 | H26: =[2]ARRUDA!W36 -> 273.05 | I26: =[2]ARRUDA!Z36 -> 396.14286 | J26: =[2]ARRUDA!AC36 -> 240.63158 | K26: =[2]ARRUDA!AF36 -> 284.66667 | L26: =[2]ARRUDA!AI36 -> 301.95 | M26: =[2]ARRUDA!AL36 -> 399.1 | N26: =[2]ARRUDA!AO36 -> 301.95 | O26: =[2]ARRUDA!AR36 -> 299.36842 | P26: =[2]ARRUDA!AU36 -> 376 | Q26: =[2]ARRUDA!AX36 -> 354.31579 | R26: =[2]ARRUDA!BA36 -> 316.26316 | S26: =[2]ARRUDA!BD36 -> 387.75 | T26: =[2]ARRUDA!BG36 -> 265.15 | U26: =[2]ARRUDA!BJ36 -> 313.05 | V26: =[2]ARRUDA!BM36 -> #DIV/0! | W26: =[2]ARRUDA!BP36 -> #DIV/0! | X26: =[2]ARRUDA!BS36 -> #DIV/0! | Y26: =[2]ARRUDA!BV36 -> #DIV/0! | Z26: =[2]ARRUDA!BY36 -> #DIV/0! | AA26: =[2]ARRUDA!CB36 -> #DIV/0! | AB26: =[2]ARRUDA!CE36 -> #DIV/0! | AC26: =[2]ARRUDA!B39 -> 24 | AD26: =[2]ARRUDA!B40 -> 7 | AE26: =[2]ARRUDA!B41 -> 0 | AF26: =[2]ARRUDA!B42 -> 0 | AG26: =[2]ARRUDA!B43 -> 14 | AH26: =[2]ARRUDA!$B$45 -> 22 | AI26: =[2]ARRUDA!$B$46 -> 122253
A27: II | B27: PONTO DE PARADA | C27: ='[2]PONTO DE PARADA'!H18 -> 338.25 | D27: ='[2]PONTO DE PARADA'!K18 -> 209.25 | E27: ='[2]PONTO DE PARADA'!N18 -> 1244.75 | F27: ='[2]PONTO DE PARADA'!Q18 -> 348 | G27: ='[2]PONTO DE PARADA'!T18 -> 186.25 | H27: ='[2]PONTO DE PARADA'!W18 -> 372.75 | I27: ='[2]PONTO DE PARADA'!Z18 -> 323 | J27: ='[2]PONTO DE PARADA'!AC18 -> 418.33333 | K27: ='[2]PONTO DE PARADA'!AF18 -> 291.75 | L27: ='[2]PONTO DE PARADA'!$AI$18 -> 440 | M27: ='[2]PONTO DE PARADA'!AL18 -> 199.66667 | N27: ='[2]PONTO DE PARADA'!AO18 -> 379 | O27: ='[2]PONTO DE PARADA'!AR18 -> 803 | P27: ='[2]PONTO DE PARADA'!AU18 -> 284 | Q27: ='[2]PONTO DE PARADA'!AX18 -> 585.75 | R27: ='[2]PONTO DE PARADA'!BA18 -> 256.25 | S27: ='[2]PONTO DE PARADA'!BD18 -> 284.5 | T27: ='[2]PONTO DE PARADA'!BG18 -> 296 | U27: ='[2]PONTO DE PARADA'!BJ18 -> 221.75 | V27: ='[2]PONTO DE PARADA'!BM18 -> #DIV/0! | W27: ='[2]PONTO DE PARADA'!BP18 -> #DIV/0! | X27: ='[2]PONTO DE PARADA'!BS18 -> #DIV/0! | Y27: ='[2]PONTO DE PARADA'!BV18 -> #DIV/0! | Z27: ='[2]PONTO DE PARADA'!BY18 -> #DIV/0! | AA27: ='[2]PONTO DE PARADA'!CB18 -> #DIV/0! | AB27: ='[2]PONTO DE PARADA'!CE18 -> #DIV/0! | AC27: ='[2]PONTO DE PARADA'!B21 -> 1 | AD27: ='[2]PONTO DE PARADA'!B22 -> 1 | AE27: ='[2]PONTO DE PARADA'!B23 -> 1 | AF27: ='[2]PONTO DE PARADA'!B24 -> 0 | AG27: ='[2]PONTO DE PARADA'!B25 -> 3 | AH27: ='[2]PONTO DE PARADA'!$B$27 -> 4 | AI27: ='[2]PONTO DE PARADA'!$B$28 -> 28508
A28: II | B28: PEIXINHOS | C28: =[2]PEIXINHOS!H29 -> 221.84615 | D28: =[2]PEIXINHOS!K29 -> 192.46667 | E28: =[2]PEIXINHOS!N29 -> 352.5 | F28: =[2]PEIXINHOS!Q29 -> 691.84615 | G28: =[2]PEIXINHOS!T29 -> 329.07143 | H28: =[2]PEIXINHOS!W29 -> 274.73333 | I28: =[2]PEIXINHOS!Z29 -> 395.66667 | J28: =[2]PEIXINHOS!AC29 -> 250.8 | K28: =[2]PEIXINHOS!AF29 -> 266.93333 | L28: =[2]PEIXINHOS!AI29 -> 219.93333 | M28: =[2]PEIXINHOS!AL29 -> 362.93333 | N28: =[2]PEIXINHOS!AO29 -> 330.73333 | O28: =[2]PEIXINHOS!AR29 -> 307.92857 | P28: =[2]PEIXINHOS!AU29 -> 266.14286 | Q28: =[2]PEIXINHOS!AX29 -> 413.64286 | R28: =[2]PEIXINHOS!BA29 -> 239.26667 | S28: =[2]PEIXINHOS!BD29 -> 216.07143 | T28: =[2]PEIXINHOS!BG29 -> 212.14286 | U28: =[2]PEIXINHOS!BJ29 -> 183.33333 | V28: =[2]PEIXINHOS!BM29 -> #DIV/0! | W28: =[2]PEIXINHOS!BP29 -> #DIV/0! | X28: =[2]PEIXINHOS!BS29 -> #DIV/0! | Y28: =[2]PEIXINHOS!BV29 -> #DIV/0! | Z28: =[2]PEIXINHOS!BY29 -> #DIV/0! | AA28: =[2]PEIXINHOS!CB29 -> #DIV/0! | AB28: =[2]PEIXINHOS!CE29 -> #DIV/0! | AC28: =[2]PEIXINHOS!B32 -> 8 | AD28: =[2]PEIXINHOS!B33 -> 3 | AE28: =[2]PEIXINHOS!B34 -> 0 | AF28: =[2]PEIXINHOS!B35 -> 0 | AG28: =[2]PEIXINHOS!B36 -> 5 | AH28: =[2]PEIXINHOS!$B$38 -> 15 | AI28: =[2]PEIXINHOS!$B$39 -> 81445
A29: II | B29: ALTO SANTA TEREZINHA | C29: ='[2]ALTO SANTA TEREZINHA'!H27 -> 254.09091 | D29: ='[2]ALTO SANTA TEREZINHA'!K27 -> 112.72727 | E29: ='[2]ALTO SANTA TEREZINHA'!N27 -> 277.33333 | F29: ='[2]ALTO SANTA TEREZINHA'!Q27 -> 381.75 | G29: ='[2]ALTO SANTA TEREZINHA'!T27 -> 351.81818 | H29: ='[2]ALTO SANTA TEREZINHA'!W27 -> 789.91667 | I29: ='[2]ALTO SANTA TEREZINHA'!Z27 -> 496.83333 | J29: ='[2]ALTO SANTA TEREZINHA'!AC27 -> 247.11111 | K29: ='[2]ALTO SANTA TEREZINHA'!AF27 -> 114.18182 | L29: ='[2]ALTO SANTA TEREZINHA'!AI27 -> 228.6 | M29: ='[2]ALTO SANTA TEREZINHA'!AL27 -> 315.09091 | N29: ='[2]ALTO SANTA TEREZINHA'!AO27 -> 449.45455 | O29: ='[2]ALTO SANTA TEREZINHA'!AR27 -> 297.25 | P29: ='[2]ALTO SANTA TEREZINHA'!AU27 -> 358.92308 | Q29: ='[2]ALTO SANTA TEREZINHA'!AX27 -> 231.46154 | R29: ='[2]ALTO SANTA TEREZINHA'!BA27 -> 216.81818 | S29: ='[2]ALTO SANTA TEREZINHA'!BD27 -> 188.76923 | T29: ='[2]ALTO SANTA TEREZINHA'!BG27 -> 201.45455 | U29: ='[2]ALTO SANTA TEREZINHA'!BJ27 -> 100.3 | V29: ='[2]ALTO SANTA TEREZINHA'!BM27 -> #DIV/0! | W29: ='[2]ALTO SANTA TEREZINHA'!BP27 -> #DIV/0! | X29: ='[2]ALTO SANTA TEREZINHA'!BS27 -> #DIV/0! | Y29: ='[2]ALTO SANTA TEREZINHA'!BV27 -> #DIV/0! | Z29: ='[2]ALTO SANTA TEREZINHA'!BY27 -> #DIV/0! | AA29: ='[2]ALTO SANTA TEREZINHA'!CB27 -> #DIV/0! | AB29: ='[2]ALTO SANTA TEREZINHA'!CE27 -> #DIV/0! | AC29: ='[2]ALTO SANTA TEREZINHA'!B30 -> 16 | AD29: ='[2]ALTO SANTA TEREZINHA'!B31 -> 11 | AE29: ='[2]ALTO SANTA TEREZINHA'!B32 -> 0 | AF29: ='[2]ALTO SANTA TEREZINHA'!B33 -> 0 | AG29: ='[2]ALTO SANTA TEREZINHA'!B34 -> 7 | AH29: ='[2]ALTO SANTA TEREZINHA'!$B$36 -> 13 | AI29: ='[2]ALTO SANTA TEREZINHA'!$B$37 -> 64731
A30: II | B30: CAMPO GRANDE | C30: ='[2]CAMPO GRANDE'!H67 -> 206.02326 | D30: ='[2]CAMPO GRANDE'!K67 -> 302.34884 | E30: ='[2]CAMPO GRANDE'!N67 -> 575.67391 | F30: ='[2]CAMPO GRANDE'!Q67 -> 417.5 | G30: ='[2]CAMPO GRANDE'!T67 -> 431.25532 | H30: ='[2]CAMPO GRANDE'!W67 -> 483.62745 | I30: ='[2]CAMPO GRANDE'!Z67 -> 435.87755 | J30: ='[2]CAMPO GRANDE'!AC67 -> 274.89796 | K30: ='[2]CAMPO GRANDE'!AF67 -> 281.90196 | L30: ='[2]CAMPO GRANDE'!AI67 -> 586.60377 | M30: ='[2]CAMPO GRANDE'!AL67 -> 394.94231 | N30: ='[2]CAMPO GRANDE'!AO67 -> 507.1 | O30: ='[2]CAMPO GRANDE'!AR67 -> 327.40816 | P30: ='[2]CAMPO GRANDE'!AU67 -> 448.14 | Q30: ='[2]CAMPO GRANDE'!AX67 -> 474.91837 | R30: ='[2]CAMPO GRANDE'!BA67 -> 203.55102 | S30: ='[2]CAMPO GRANDE'!BD67 -> 199.69231 | T30: ='[2]CAMPO GRANDE'!BG67 -> 279.26667 | U30: ='[2]CAMPO GRANDE'!BJ67 -> 257.15217 | V30: ='[2]CAMPO GRANDE'!BM67 -> #DIV/0! | W30: ='[2]CAMPO GRANDE'!BP67 -> #DIV/0! | X30: ='[2]CAMPO GRANDE'!BS67 -> #DIV/0! | Y30: ='[2]CAMPO GRANDE'!BV67 -> #DIV/0! | Z30: ='[2]CAMPO GRANDE'!BY67 -> #DIV/0! | AA30: ='[2]CAMPO GRANDE'!CB67 -> #DIV/0! | AB30: ='[2]CAMPO GRANDE'!CE67 -> #DIV/0! | AC30: ='[2]CAMPO GRANDE'!B71 -> 48 | AD30: ='[2]CAMPO GRANDE'!B72 -> 27 | AE30: ='[2]CAMPO GRANDE'!B73 -> 0 | AF30: ='[2]CAMPO GRANDE'!B74 -> 0 | AG30: ='[2]CAMPO GRANDE'!B75 -> 28 | AH30: ='[2]CAMPO GRANDE'!$B$77 -> 53 | AI30: ='[2]CAMPO GRANDE'!$B$78 -> 345142
A31: III | B31: APIPUCOS | C31: =[3]APIPUCOS!H38 -> 185.38889 | D31: =[3]APIPUCOS!K38 -> 271.04545 | E31: =[3]APIPUCOS!N38 -> 399.28571 | F31: =[3]APIPUCOS!Q38 -> 742 | G31: =[3]APIPUCOS!T38 -> 193.3913 | H31: =[3]APIPUCOS!W38 -> 314.28571 | I31: =[3]APIPUCOS!Z38 -> 163.61905 | J31: =[3]APIPUCOS!AC38 -> 196.18182 | K31: =[3]APIPUCOS!AF38 -> 131.81818 | L31: =[3]APIPUCOS!AI38 -> 174.5 | M31: =[3]APIPUCOS!AL38 -> 407.6087 | N31: =[3]APIPUCOS!AO38 -> 210.63636 | O31: =[3]APIPUCOS!AR38 -> 173.57143 | P31: =[3]APIPUCOS!AU38 -> 166.04762 | Q31: =[3]APIPUCOS!AX38 -> 293.42857 | R31: =[3]APIPUCOS!BA38 -> 270.04762 | S31: =[3]APIPUCOS!BD38 -> 213.09524 | T31: =[3]APIPUCOS!BG38 -> 246.04348 | U31: =[3]APIPUCOS!BJ38 -> 183.04762 | V31: =[3]APIPUCOS!BM38 -> #DIV/0! | W31: =[3]APIPUCOS!BP38 -> #DIV/0! | X31: =[3]APIPUCOS!BS38 -> #DIV/0! | Y31: =[3]APIPUCOS!BV38 -> #DIV/0! | Z31: =[3]APIPUCOS!BY38 -> #DIV/0! | AA31: =[3]APIPUCOS!CB38 -> #DIV/0! | AB31: =[3]APIPUCOS!CE38 -> #DIV/0! | AC31: =[3]APIPUCOS!B42 -> 21 | AD31: =[3]APIPUCOS!B43 -> 24 | AE31: =[3]APIPUCOS!B44 -> 0 | AF31: =[3]APIPUCOS!B45 -> 0 | AG31: =[3]APIPUCOS!B46 -> 14 | AH31: =[3]APIPUCOS!$B$48 -> 24 | AI31: =[3]APIPUCOS!$B$49 -> 105758
A32: III | B32: DOIS IRMÃOS | C32: ='[3]DOIS IRMÃOS'!H51 -> 107.75676 | D32: ='[3]DOIS IRMÃOS'!K51 -> 299.27027 | E32: ='[3]DOIS IRMÃOS'!N51 -> 307.27778 | F32: ='[3]DOIS IRMÃOS'!Q51 -> 291.27027 | G32: ='[3]DOIS IRMÃOS'!T51 -> 197.75676 | H32: ='[3]DOIS IRMÃOS'!W51 -> 289.2973 | I32: ='[3]DOIS IRMÃOS'!Z51 -> 223.41667 | J32: ='[3]DOIS IRMÃOS'!AC51 -> 114.30556 | K32: ='[3]DOIS IRMÃOS'!AF51 -> 129.51351 | L32: ='[3]DOIS IRMÃOS'!AI51 -> 270.25 | M32: ='[3]DOIS IRMÃOS'!AL51 -> 161.51351 | N32: ='[3]DOIS IRMÃOS'!AO51 -> 151.83333 | O32: ='[3]DOIS IRMÃOS'!AR51 -> 218.75 | P32: ='[3]DOIS IRMÃOS'!AU51 -> 146.18919 | Q32: ='[3]DOIS IRMÃOS'!AX51 -> 155.02703 | R32: ='[3]DOIS IRMÃOS'!BA51 -> 138.27027 | S32: ='[3]DOIS IRMÃOS'!BD51 -> 132.37143 | T32: ='[3]DOIS IRMÃOS'!BG51 -> 106.25 | U32: ='[3]DOIS IRMÃOS'!BJ51 -> 225.05714 | V32: ='[3]DOIS IRMÃOS'!BM51 -> #DIV/0! | W32: ='[3]DOIS IRMÃOS'!BP51 -> #DIV/0! | X32: ='[3]DOIS IRMÃOS'!BS51 -> #DIV/0! | Y32: ='[3]DOIS IRMÃOS'!BV51 -> #DIV/0! | Z32: ='[3]DOIS IRMÃOS'!BY51 -> #DIV/0! | AA32: ='[3]DOIS IRMÃOS'!CB51 -> #DIV/0! | AB32: ='[3]DOIS IRMÃOS'!CE51 -> #DIV/0! | AC32: ='[3]DOIS IRMÃOS'!B55 -> 1 | AD32: ='[3]DOIS IRMÃOS'!B56 -> 3 | AE32: ='[3]DOIS IRMÃOS'!B57 -> 1 | AF32: ='[3]DOIS IRMÃOS'!B58 -> 0 | AG32: ='[3]DOIS IRMÃOS'!B59 -> 0 | AH32: ='[3]DOIS IRMÃOS'!$B$61 -> 37 | AI32: ='[3]DOIS IRMÃOS'!$B$62 -> 133087
A33: III | B33: MONTEIRO | C33: =[3]MONTEIRO!H31 -> 189.52941 | D33: =[3]MONTEIRO!K31 -> 248.35294 | E33: =[3]MONTEIRO!N31 -> 537.58824 | F33: =[3]MONTEIRO!Q31 -> 718.11765 | G33: =[3]MONTEIRO!T31 -> 302.76471 | H33: =[3]MONTEIRO!W31 -> 631.58824 | I33: =[3]MONTEIRO!Z31 -> 562.47059 | J33: =[3]MONTEIRO!AC31 -> 724.05882 | K33: =[3]MONTEIRO!AF31 -> 342.3125 | L33: =[3]MONTEIRO!AI31 -> 350.82353 | M33: =[3]MONTEIRO!AL31 -> 554.52941 | N33: =[3]MONTEIRO!AO31 -> 162.05882 | O33: =[3]MONTEIRO!AR31 -> 309.29412 | P33: =[3]MONTEIRO!AU31 -> 196.6 | Q33: =[3]MONTEIRO!AX31 -> 419.6 | R33: =[3]MONTEIRO!BA31 -> 341.0625 | S33: =[3]MONTEIRO!BD31 -> 391 | T33: =[3]MONTEIRO!BG31 -> 321.8125 | U33: =[3]MONTEIRO!BJ31 -> 400.5 | V33: =[3]MONTEIRO!BM31 -> #DIV/0! | W33: =[3]MONTEIRO!BP31 -> #DIV/0! | X33: =[3]MONTEIRO!BS31 -> #DIV/0! | Y33: =[3]MONTEIRO!BV31 -> #DIV/0! | Z33: =[3]MONTEIRO!BY31 -> #DIV/0! | AA33: =[3]MONTEIRO!CB31 -> #DIV/0! | AB33: =[3]MONTEIRO!CE31 -> #DIV/0! | AC33: =[3]MONTEIRO!B34 -> 5 | AD33: =[3]MONTEIRO!B35 -> 4 | AE33: =[3]MONTEIRO!B36 -> 0 | AF33: =[3]MONTEIRO!B37 -> 0 | AG33: =[3]MONTEIRO!B38 -> 1 | AH33: =[3]MONTEIRO!$B$40 -> 17 | AI33: =[3]MONTEIRO!$B$41 -> 127940
A34: III | B34: CASA AMARELA | C34: ='[3]CASA AMARELA'!H66 -> 209.12821 | D34: ='[3]CASA AMARELA'!K66 -> 309.84 | E34: ='[3]CASA AMARELA'!N66 -> 278.58824 | F34: ='[3]CASA AMARELA'!Q66 -> 440.32 | G34: ='[3]CASA AMARELA'!T66 -> 274.24 | H34: ='[3]CASA AMARELA'!W66 -> 417.32609 | I34: ='[3]CASA AMARELA'!Z66 -> 250.82 | J34: ='[3]CASA AMARELA'!AC66 -> 312.86957 | K34: ='[3]CASA AMARELA'!AF66 -> 192.89583 | L34: ='[3]CASA AMARELA'!AI66 -> 292.72917 | M34: ='[3]CASA AMARELA'!AL66 -> 331.57447 | N34: ='[3]CASA AMARELA'!AO66 -> 194.11628 | O34: ='[3]CASA AMARELA'!AR66 -> 233.89583 | P34: ='[3]CASA AMARELA'!AU66 -> 153.30612 | Q34: ='[3]CASA AMARELA'!AX66 -> 232.8125 | R34: ='[3]CASA AMARELA'!BA66 -> 240.12245 | S34: ='[3]CASA AMARELA'!BD66 -> 238.55319 | T34: ='[3]CASA AMARELA'!BG66 -> 137.89744 | U34: ='[3]CASA AMARELA'!BJ66 -> 183.79167 | V34: ='[3]CASA AMARELA'!BM66 -> #DIV/0! | W34: ='[3]CASA AMARELA'!BP66 -> #DIV/0! | X34: ='[3]CASA AMARELA'!BS66 -> #DIV/0! | Y34: ='[3]CASA AMARELA'!BV66 -> #DIV/0! | Z34: ='[3]CASA AMARELA'!BY66 -> #DIV/0! | AA34: ='[3]CASA AMARELA'!CB66 -> #DIV/0! | AB34: ='[3]CASA AMARELA'!CE66 -> #DIV/0! | AC34: ='[3]CASA AMARELA'!B70 -> 57 | AD34: ='[3]CASA AMARELA'!B71 -> 30 | AE34: ='[3]CASA AMARELA'!B72 -> 1 | AF34: ='[3]CASA AMARELA'!B73 -> 0 | AG34: ='[3]CASA AMARELA'!B74 -> 54 | AH34: ='[3]CASA AMARELA'!$B$76 -> 52 | AI34: ='[3]CASA AMARELA'!$B$77 -> 234047
A35: III | B35: ALTO DO MANDU | C35: ='[3]ALTO DO MANDU'!H23 -> 169 | D35: ='[3]ALTO DO MANDU'!K23 -> 133.11111 | E35: ='[3]ALTO DO MANDU'!N23 -> 147.88889 | F35: ='[3]ALTO DO MANDU'!Q23 -> 169.11111 | G35: ='[3]ALTO DO MANDU'!T23 -> 73.714286 | H35: ='[3]ALTO DO MANDU'!W23 -> 179.75 | I35: ='[3]ALTO DO MANDU'!Z23 -> 175.28571 | J35: ='[3]ALTO DO MANDU'!AC23 -> 94.125 | K35: ='[3]ALTO DO MANDU'!AF23 -> 16.833333 | L35: ='[3]ALTO DO MANDU'!AI23 -> 129.28571 | M35: ='[3]ALTO DO MANDU'!AL23 -> 159.75 | N35: ='[3]ALTO DO MANDU'!AO23 -> 257.875 | O35: ='[3]ALTO DO MANDU'!AR23 -> 336.44444 | P35: ='[3]ALTO DO MANDU'!AU23 -> 83.285714 | Q35: ='[3]ALTO DO MANDU'!AX23 -> 262.88889 | R35: ='[3]ALTO DO MANDU'!BA23 -> 139.25 | S35: ='[3]ALTO DO MANDU'!BD23 -> 104.75 | T35: ='[3]ALTO DO MANDU'!BG23 -> 82.333333 | U35: ='[3]ALTO DO MANDU'!BJ23 -> 243.125 | V35: ='[3]ALTO DO MANDU'!BM23 -> #DIV/0! | W35: ='[3]ALTO DO MANDU'!BP23 -> #DIV/0! | X35: ='[3]ALTO DO MANDU'!BS23 -> #DIV/0! | Y35: ='[3]ALTO DO MANDU'!BV23 -> #DIV/0! | Z35: ='[3]ALTO DO MANDU'!BY23 -> #DIV/0! | AA35: ='[3]ALTO DO MANDU'!CB23 -> #DIV/0! | AB35: ='[3]ALTO DO MANDU'!CE23 -> #DIV/0! | AC35: ='[3]ALTO DO MANDU'!B26 -> 11 | AD35: ='[3]ALTO DO MANDU'!B27 -> 4 | AE35: ='[3]ALTO DO MANDU'!B28 -> 1 | AF35: ='[3]ALTO DO MANDU'!B29 -> 0 | AG35: ='[3]ALTO DO MANDU'!B30 -> 12 | AH35: ='[3]ALTO DO MANDU'!$B$32 -> 9 | AI35: ='[3]ALTO DO MANDU'!$B$33 -> 24221
A36: III | B36: CASA FORTE | C36: ='[3]CASA FORTE'!H28 -> 160.58333 | D36: ='[3]CASA FORTE'!K28 -> 180.14286 | E36: ='[3]CASA FORTE'!N28 -> 265.5 | F36: ='[3]CASA FORTE'!Q28 -> 280.64286 | G36: ='[3]CASA FORTE'!T28 -> 170.07143 | H36: ='[3]CASA FORTE'!W28 -> 193.30769 | I36: ='[3]CASA FORTE'!Z28 -> 326.5 | J36: ='[3]CASA FORTE'!AC28 -> 203.71429 | K36: ='[3]CASA FORTE'!AF28 -> 55.642857 | L36: ='[3]CASA FORTE'!AI28 -> 260.78571 | M36: ='[3]CASA FORTE'!AL28 -> 246.35714 | N36: ='[3]CASA FORTE'!AO28 -> 181.92857 | O36: ='[3]CASA FORTE'!AR28 -> 280.38462 | P36: ='[3]CASA FORTE'!AU28 -> 200 | Q36: ='[3]CASA FORTE'!AX28 -> 138.71429 | R36: ='[3]CASA FORTE'!BA28 -> 417.14286 | S36: ='[3]CASA FORTE'!BD28 -> 164.64286 | T36: ='[3]CASA FORTE'!BG28 -> 149.35714 | U36: ='[3]CASA FORTE'!BJ28 -> 143 | V36: ='[3]CASA FORTE'!BM28 -> #DIV/0! | W36: ='[3]CASA FORTE'!BP28 -> #DIV/0! | X36: ='[3]CASA FORTE'!BS28 -> #DIV/0! | Y36: ='[3]CASA FORTE'!BV28 -> #DIV/0! | Z36: ='[3]CASA FORTE'!BY28 -> #DIV/0! | AA36: ='[3]CASA FORTE'!CB28 -> #DIV/0! | AB36: ='[3]CASA FORTE'!CE28 -> #DIV/0! | AC36: ='[3]CASA FORTE'!B31 -> 3 | AD36: ='[3]CASA FORTE'!B32 -> 2 | AE36: ='[3]CASA FORTE'!B33 -> 0 | AF36: ='[3]CASA FORTE'!B34 -> 0 | AG36: ='[3]CASA FORTE'!B35 -> 3 | AH36: ='[3]CASA FORTE'!$B$37 -> 14 | AI36: ='[3]CASA FORTE'!$B$38 -> 55263
A37: III | B37: PARNAMIRIM | C37: =[3]PARNAMIRIM!H30 -> 149.6 | D37: =[3]PARNAMIRIM!K30 -> 179.78571 | E37: =[3]PARNAMIRIM!N30 -> 145.4 | F37: =[3]PARNAMIRIM!Q30 -> 148.06667 | G37: =[3]PARNAMIRIM!T30 -> 179.25 | H37: =[3]PARNAMIRIM!W30 -> 132.28571 | I37: =[3]PARNAMIRIM!Z30 -> 141.91667 | J37: =[3]PARNAMIRIM!AC30 -> 186.41667 | K37: =[3]PARNAMIRIM!AF30 -> 56.133333 | L37: =[3]PARNAMIRIM!AI30 -> 133.30769 | M37: =[3]PARNAMIRIM!AL30 -> 261.66667 | N37: =[3]PARNAMIRIM!AO30 -> 144.57143 | O37: =[3]PARNAMIRIM!AR30 -> 124 | P37: =[3]PARNAMIRIM!AU30 -> 193.6 | Q37: =[3]PARNAMIRIM!AX30 -> 345.07143 | R37: =[3]PARNAMIRIM!BA30 -> 115 | S37: =[3]PARNAMIRIM!BD30 -> 123.76923 | T37: =[3]PARNAMIRIM!BG30 -> 82.1 | U37: =[3]PARNAMIRIM!BJ30 -> 155.8 | V37: =[3]PARNAMIRIM!BM30 -> #DIV/0! | W37: =[3]PARNAMIRIM!BP30 -> #DIV/0! | X37: =[3]PARNAMIRIM!BS30 -> #DIV/0! | Y37: =[3]PARNAMIRIM!BV30 -> #DIV/0! | Z37: =[3]PARNAMIRIM!BY30 -> #DIV/0! | AA37: =[3]PARNAMIRIM!CB30 -> #DIV/0! | AB37: =[3]PARNAMIRIM!CE30 -> #DIV/0! | AC37: =[3]PARNAMIRIM!B33 -> 33 | AD37: =[3]PARNAMIRIM!B34 -> 14 | AE37: =[3]PARNAMIRIM!B35 -> 0 | AF37: =[3]PARNAMIRIM!B36 -> 0 | AG37: =[3]PARNAMIRIM!B37 -> 20 | AH37: =[3]PARNAMIRIM!$B$39 -> 16 | AI37: =[3]PARNAMIRIM!$B$40 -> 40699
A38: III | B38: SANTANA | C38: =[3]SANTANA!H23 -> 311.625 | D38: =[3]SANTANA!K23 -> 273.55556 | E38: =[3]SANTANA!N23 -> 366.2 | F38: =[3]SANTANA!Q23 -> 660.66667 | G38: =[3]SANTANA!T23 -> 493.22222 | H38: =[3]SANTANA!W23 -> 533.22222 | I38: =[3]SANTANA!Z23 -> 408.77778 | J38: =[3]SANTANA!AC23 -> 225.875 | K38: =[3]SANTANA!AF23 -> 170.77778 | L38: =[3]SANTANA!AI23 -> 321.22222 | M38: =[3]SANTANA!AL23 -> 334.22222 | N38: =[3]SANTANA!AO23 -> 315.55556 | O38: =[3]SANTANA!AR23 -> 235 | P38: =[3]SANTANA!AU23 -> 173.44444 | Q38: =[3]SANTANA!AX23 -> 395.33333 | R38: =[3]SANTANA!BA23 -> 214.25 | S38: =[3]SANTANA!BD23 -> 229.875 | T38: =[3]SANTANA!BG23 -> 343.375 | U38: =[3]SANTANA!BJ23 -> 360.88889 | V38: =[3]SANTANA!BM23 -> #DIV/0! | W38: =[3]SANTANA!BP23 -> #DIV/0! | X38: =[3]SANTANA!BS23 -> #DIV/0! | Y38: =[3]SANTANA!BV23 -> #DIV/0! | Z38: =[3]SANTANA!BY23 -> #DIV/0! | AA38: =[3]SANTANA!CB23 -> #DIV/0! | AB38: =[3]SANTANA!CE23 -> #DIV/0! | AC38: =[3]SANTANA!B26 -> 0 | AD38: =[3]SANTANA!B27 -> 9 | AE38: =[3]SANTANA!B28 -> 0 | AF38: =[3]SANTANA!B29 -> 0 | AG38: =[3]SANTANA!B30 -> 1 | AH38: =[3]SANTANA!$B$32 -> 9 | AI38: =[3]SANTANA!$B$33 -> 54514
A39: III | B39: POÇO | C39: ='[3]POÇO DA PANELA'!H32 -> 181.94444 | D39: ='[3]POÇO DA PANELA'!K32 -> 240.94444 | E39: ='[3]POÇO DA PANELA'!N32 -> 250.72222 | F39: ='[3]POÇO DA PANELA'!Q32 -> 274.11765 | G39: ='[3]POÇO DA PANELA'!T32 -> 210.17647 | H39: ='[3]POÇO DA PANELA'!W32 -> 266.375 | I39: ='[3]POÇO DA PANELA'!Z32 -> 190.70588 | J39: ='[3]POÇO DA PANELA'!AC32 -> 260.5625 | K39: ='[3]POÇO DA PANELA'!AF32 -> 229.14286 | L39: ='[3]POÇO DA PANELA'!AI32 -> 271.5 | M39: ='[3]POÇO DA PANELA'!AL32 -> 306.55556 | N39: ='[3]POÇO DA PANELA'!AO32 -> 193.83333 | O39: ='[3]POÇO DA PANELA'!AR32 -> 222.16667 | P39: ='[3]POÇO DA PANELA'!AU32 -> 310.61111 | Q39: ='[3]POÇO DA PANELA'!AX32 -> 281.11765 | R39: ='[3]POÇO DA PANELA'!BA32 -> 174.83333 | S39: ='[3]POÇO DA PANELA'!BD32 -> 189.33333 | T39: ='[3]POÇO DA PANELA'!BG32 -> 210.4375 | U39: ='[3]POÇO DA PANELA'!BJ32 -> 189.70588 | V39: ='[3]POÇO DA PANELA'!BM32 -> #DIV/0! | W39: ='[3]POÇO DA PANELA'!BP32 -> #DIV/0! | X39: ='[3]POÇO DA PANELA'!BS32 -> #DIV/0! | Y39: ='[3]POÇO DA PANELA'!BV32 -> #DIV/0! | Z39: ='[3]POÇO DA PANELA'!BY32 -> #DIV/0! | AA39: ='[3]POÇO DA PANELA'!CB32 -> #DIV/0! | AB39: ='[3]POÇO DA PANELA'!CE32 -> #DIV/0! | AC39: ='[3]POÇO DA PANELA'!B36 -> 7 | AD39: ='[3]POÇO DA PANELA'!B37 -> 3 | AE39: ='[3]POÇO DA PANELA'!B38 -> 0 | AF39: ='[3]POÇO DA PANELA'!B39 -> 0 | AG39: ='[3]POÇO DA PANELA'!B40 -> 2 | AH39: ='[3]POÇO DA PANELA'!$B$42 -> 18 | AI39: ='[3]POÇO DA PANELA'!$B$43 -> 76106
A40: III | B40: SITIO DOS PINTOS | C40: ='[3]SITIO DOS PINTOS'!H40 -> 185 | D40: ='[3]SITIO DOS PINTOS'!K40 -> 128.65385 | E40: ='[3]SITIO DOS PINTOS'!N40 -> 319.34615 | F40: ='[3]SITIO DOS PINTOS'!Q40 -> 249.73077 | G40: ='[3]SITIO DOS PINTOS'!T40 -> 159.84615 | H40: ='[3]SITIO DOS PINTOS'!W40 -> 254.88462 | I40: ='[3]SITIO DOS PINTOS'!Z40 -> 134.07692 | J40: ='[3]SITIO DOS PINTOS'!AC40 -> 148.75 | K40: ='[3]SITIO DOS PINTOS'!AF40 -> 109.5 | L40: ='[3]SITIO DOS PINTOS'!AI40 -> 203.61538 | M40: ='[3]SITIO DOS PINTOS'!AL40 -> 160.88462 | N40: ='[3]SITIO DOS PINTOS'!AO40 -> 98.230769 | O40: ='[3]SITIO DOS PINTOS'!AR40 -> 133.88462 | P40: ='[3]SITIO DOS PINTOS'!AU40 -> 184.34615 | Q40: ='[3]SITIO DOS PINTOS'!AX40 -> 104.56 | R40: ='[3]SITIO DOS PINTOS'!BA40 -> 103.17391 | S40: ='[3]SITIO DOS PINTOS'!BD40 -> 124.11538 | T40: ='[3]SITIO DOS PINTOS'!BG40 -> 97.12 | U40: ='[3]SITIO DOS PINTOS'!BJ40 -> 99.28 | V40: ='[3]SITIO DOS PINTOS'!BM40 -> #DIV/0! | W40: ='[3]SITIO DOS PINTOS'!BP40 -> #DIV/0! | X40: ='[3]SITIO DOS PINTOS'!BS40 -> #DIV/0! | Y40: ='[3]SITIO DOS PINTOS'!BV40 -> #DIV/0! | Z40: ='[3]SITIO DOS PINTOS'!BY40 -> #DIV/0! | AA40: ='[3]SITIO DOS PINTOS'!CB40 -> #DIV/0! | AB40: ='[3]SITIO DOS PINTOS'!CE40 -> #DIV/0! | AC40: ='[3]SITIO DOS PINTOS'!B43 -> 2 | AD40: ='[3]SITIO DOS PINTOS'!B44 -> 0 | AE40: ='[3]SITIO DOS PINTOS'!B45 -> 0 | AF40: ='[3]SITIO DOS PINTOS'!B46 -> 0 | AG40: ='[3]SITIO DOS PINTOS'!B47 -> 2 | AH40: ='[3]SITIO DOS PINTOS'!$B$49 -> 26 | AI40: ='[3]SITIO DOS PINTOS'!$B$50 -> 77066
A41: III | B41: TAMARINEIRA | C41: =[3]TAMARINEIRA!H39 -> 221.77778 | D41: =[3]TAMARINEIRA!K39 -> 167.31818 | E41: =[3]TAMARINEIRA!N39 -> 295.52174 | F41: =[3]TAMARINEIRA!Q39 -> 416 | G41: =[3]TAMARINEIRA!T39 -> 176.04545 | H41: =[3]TAMARINEIRA!W39 -> 184.08696 | I41: =[3]TAMARINEIRA!Z39 -> 195.95833 | J41: =[3]TAMARINEIRA!AC39 -> 118.21053 | K41: =[3]TAMARINEIRA!AF39 -> 129.15 | L41: =[3]TAMARINEIRA!AI39 -> 214.66667 | M41: =[3]TAMARINEIRA!AL39 -> 204.65217 | N41: =[3]TAMARINEIRA!AO39 -> 251.375 | O41: =[3]TAMARINEIRA!AR39 -> 300.13043 | P41: =[3]TAMARINEIRA!AU39 -> 212.4 | Q41: =[3]TAMARINEIRA!AX39 -> 327 | R41: =[3]TAMARINEIRA!BA39 -> 143.5 | S41: =[3]TAMARINEIRA!BD39 -> 191.19048 | T41: =[3]TAMARINEIRA!BG39 -> 72.842105 | U41: =[3]TAMARINEIRA!BJ39 -> 202.65 | V41: =[3]TAMARINEIRA!BM39 -> #DIV/0! | W41: =[3]TAMARINEIRA!BP39 -> #DIV/0! | X41: =[3]TAMARINEIRA!BS39 -> #DIV/0! | Y41: =[3]TAMARINEIRA!BV39 -> #DIV/0! | Z41: =[3]TAMARINEIRA!BY39 -> #DIV/0! | AA41: =[3]TAMARINEIRA!CB39 -> #DIV/0! | AB41: =[3]TAMARINEIRA!CE39 -> #DIV/0! | AC41: =[3]TAMARINEIRA!B41 -> 38 | AD41: =[3]TAMARINEIRA!B42 -> 21 | AE41: =[3]TAMARINEIRA!B43 -> 0 | AF41: =[3]TAMARINEIRA!B44 -> 0 | AG41: =[3]TAMARINEIRA!B45 -> 35 | AH41: =[3]TAMARINEIRA!$B$47 -> 25 | AI41: =[3]TAMARINEIRA!$B$48 -> 88327
A42: III | B42: AFLITOS | C42: =[3]AFLITOS!H22 -> 246.25 | D42: =[3]AFLITOS!K22 -> 151.25 | E42: =[3]AFLITOS!N22 -> 243 | F42: =[3]AFLITOS!Q22 -> 350.25 | G42: =[3]AFLITOS!T22 -> 135.42857 | H42: =[3]AFLITOS!W22 -> 368.42857 | I42: =[3]AFLITOS!Z22 -> 461.14286 | J42: =[3]AFLITOS!AC22 -> 194.375 | K42: =[3]AFLITOS!AF22 -> 97.142857 | L42: =[3]AFLITOS!AI22 -> 265.5 | M42: =[3]AFLITOS!AL22 -> 226.25 | N42: =[3]AFLITOS!AO22 -> 370 | O42: =[3]AFLITOS!AR22 -> 194.57143 | P42: =[3]AFLITOS!AU22 -> 221.57143 | Q42: =[3]AFLITOS!AX22 -> 124.28571 | R42: =[3]AFLITOS!BA22 -> 183.25 | S42: =[3]AFLITOS!BD22 -> 349.875 | T42: =[3]AFLITOS!BG22 -> 272.42857 | U42: =[3]AFLITOS!BJ22 -> 218 | V42: =[3]AFLITOS!BM22 -> #DIV/0! | W42: =[3]AFLITOS!BP22 -> #DIV/0! | X42: =[3]AFLITOS!BS22 -> #DIV/0! | Y42: =[3]AFLITOS!BV22 -> #DIV/0! | Z42: =[3]AFLITOS!BY22 -> #DIV/0! | AA42: =[3]AFLITOS!CB22 -> #DIV/0! | AB42: =[3]AFLITOS!CE22 -> #DIV/0! | AC42: =[3]AFLITOS!B24 -> 5 | AD42: =[3]AFLITOS!B25 -> 2 | AE42: =[3]AFLITOS!B26 -> 0 | AF42: =[3]AFLITOS!B27 -> 0 | AG42: =[3]AFLITOS!B28 -> 4 | AH42: =[3]AFLITOS!$B$30 -> 8 | AI42: =[3]AFLITOS!$B$31 -> 35048
A43: III | B43: ESPINHEIRO | C43: =[3]ESPINHEIRO!H31 -> 236.1875 | D43: =[3]ESPINHEIRO!K31 -> 421.47059 | E43: =[3]ESPINHEIRO!N31 -> 253.64706 | F43: =[3]ESPINHEIRO!Q31 -> 572.9375 | G43: =[3]ESPINHEIRO!T31 -> 471.0625 | H43: =[3]ESPINHEIRO!W31 -> 491.625 | I43: =[3]ESPINHEIRO!Z31 -> 658 | J43: =[3]ESPINHEIRO!AC31 -> 294.64706 | K43: =[3]ESPINHEIRO!AF31 -> 433.76471 | L43: =[3]ESPINHEIRO!AI31 -> 406.41176 | M43: =[3]ESPINHEIRO!AL31 -> 696.05882 | N43: =[3]ESPINHEIRO!AO31 -> 933.11765 | O43: =[3]ESPINHEIRO!AR31 -> 418.1875 | P43: =[3]ESPINHEIRO!AU31 -> 280.41176 | Q43: =[3]ESPINHEIRO!AX31 -> 527.64706 | R43: =[3]ESPINHEIRO!BA31 -> 617.64706 | S43: =[3]ESPINHEIRO!BD31 -> 614.94118 | T43: =[3]ESPINHEIRO!BG31 -> 258.92308 | U43: =[3]ESPINHEIRO!BJ31 -> 189.33333 | V43: =[3]ESPINHEIRO!BM31 -> #DIV/0! | W43: =[3]ESPINHEIRO!BP31 -> #DIV/0! | X43: =[3]ESPINHEIRO!BS31 -> #DIV/0! | Y43: =[3]ESPINHEIRO!BV31 -> #DIV/0! | Z43: =[3]ESPINHEIRO!BY31 -> #DIV/0! | AA43: =[3]ESPINHEIRO!CB31 -> #DIV/0! | AB43: =[3]ESPINHEIRO!CE31 -> #DIV/0! | AC43: =[3]ESPINHEIRO!B33 -> 9 | AD43: =[3]ESPINHEIRO!B34 -> 5 | AE43: =[3]ESPINHEIRO!B35 -> 0 | AF43: =[3]ESPINHEIRO!B36 -> 0 | AG43: =[3]ESPINHEIRO!B37 -> 0 | AH43: =[3]ESPINHEIRO!B39 -> 16 | AI43: =[3]ESPINHEIRO!B40 -> 145020
A44: III | B44: JAQUEIRA | C44: =[3]JAQUEIRA!H19 -> 178 | D44: =[3]JAQUEIRA!K19 -> 120 | E44: =[3]JAQUEIRA!N19 -> 629.4 | F44: =[3]JAQUEIRA!Q19 -> 760.6 | G44: =[3]JAQUEIRA!T19 -> 112.2 | H44: =[3]JAQUEIRA!W19 -> 408.8 | I44: =[3]JAQUEIRA!Z19 -> 129.66667 | J44: =[3]JAQUEIRA!AC19 -> 69.666667 | K44: =[3]JAQUEIRA!AF19 -> 87 | L44: =[3]JAQUEIRA!AI19 -> 56.75 | M44: =[3]JAQUEIRA!AL19 -> 127.75 | N44: =[3]JAQUEIRA!AO19 -> 187.25 | O44: =[3]JAQUEIRA!AR19 -> 183 | P44: =[3]JAQUEIRA!AU19 -> 197.8 | Q44: =[3]JAQUEIRA!AX19 -> 276 | R44: =[3]JAQUEIRA!BA19 -> 85.25 | S44: =[3]JAQUEIRA!BD19 -> 181 | T44: =[3]JAQUEIRA!BG19 -> 14.5 | U44: =[3]JAQUEIRA!BJ19 -> 218.5 | V44: =[3]JAQUEIRA!BM19 -> #DIV/0! | W44: =[3]JAQUEIRA!BP19 -> #DIV/0! | X44: =[3]JAQUEIRA!BS19 -> #DIV/0! | Y44: =[3]JAQUEIRA!BV19 -> #DIV/0! | Z44: =[3]JAQUEIRA!BY19 -> #DIV/0! | AA44: =[3]JAQUEIRA!CB19 -> #DIV/0! | AB44: =[3]JAQUEIRA!CE19 -> #DIV/0! | AC44: =[3]JAQUEIRA!B21 -> 11 | AD44: =[3]JAQUEIRA!B22 -> 13 | AE44: =[3]JAQUEIRA!B23 -> 0 | AF44: =[3]JAQUEIRA!B24 -> 0 | AG44: =[3]JAQUEIRA!B25 -> 2 | AH44: =[3]JAQUEIRA!B27 -> 5 | AI44: =[3]JAQUEIRA!B28 -> 16753
A45: III | B45: DERBY | C45: =[3]DERBY!H24 -> 147.3 | D45: =[3]DERBY!K24 -> 342.88889 | E45: =[3]DERBY!N24 -> 184.88889 | F45: =[3]DERBY!Q24 -> 432 | G45: =[3]DERBY!T24 -> 174.7 | H45: =[3]DERBY!W24 -> 198.9 | I45: =[3]DERBY!Z24 -> 439.4 | J45: =[3]DERBY!AC24 -> 271.1 | K45: =[3]DERBY!AF24 -> 144.33333 | L45: =[3]DERBY!AI24 -> 307.1 | M45: =[3]DERBY!AL24 -> 479.9 | N45: =[3]DERBY!AO24 -> 328.7 | O45: =[3]DERBY!AR24 -> 290.1 | P45: =[3]DERBY!AU24 -> 181.8 | Q45: =[3]DERBY!AX24 -> 215.4 | R45: =[3]DERBY!BA24 -> 223.7 | S45: =[3]DERBY!BD24 -> 140.9 | T45: =[3]DERBY!BG24 -> 204 | U45: =[3]DERBY!BJ24 -> 199.1 | V45: =[3]DERBY!BM24 -> #DIV/0! | W45: =[3]DERBY!BP24 -> #DIV/0! | X45: =[3]DERBY!BS24 -> #DIV/0! | Y45: =[3]DERBY!BV24 -> #DIV/0! | Z45: =[3]DERBY!BY24 -> #DIV/0! | AA45: =[3]DERBY!CB24 -> #DIV/0! | AB45: =[3]DERBY!CE24 -> #DIV/0! | AC45: =[3]DERBY!B26 -> 0 | AD45: =[3]DERBY!B27 -> 2 | AE45: =[3]DERBY!B28 -> 0 | AF45: =[3]DERBY!B29 -> 0 | AG45: =[3]DERBY!B30 -> 0 | AH45: =[3]DERBY!$B$32 -> 10 | AI45: =[3]DERBY!$B$33 -> 48390
A46: III | B46: GRAÇAS | C46: =[3]GRAÇAS!H48 -> 149.25806 | D46: =[3]GRAÇAS!K48 -> 209.06061 | E46: =[3]GRAÇAS!N48 -> 189.03125 | F46: =[3]GRAÇAS!Q48 -> 280.70968 | G46: =[3]GRAÇAS!T48 -> 109.77419 | H46: =[3]GRAÇAS!W48 -> 187.0303 | I46: =[3]GRAÇAS!Z48 -> 275.09091 | J46: =[3]GRAÇAS!AC48 -> 105.51724 | K46: =[3]GRAÇAS!AF48 -> 144.09091 | L46: =[3]GRAÇAS!AI48 -> 154.625 | M46: =[3]GRAÇAS!AL48 -> 219.08824 | N46: =[3]GRAÇAS!AO48 -> 132.2 | O46: =[3]GRAÇAS!AR48 -> 199.36667 | P46: =[3]GRAÇAS!AU48 -> 168.96774 | Q46: =[3]GRAÇAS!AX48 -> 232.33333 | R46: =[3]GRAÇAS!BA48 -> 128.83871 | S46: =[3]GRAÇAS!BD48 -> 186.53333 | T46: =[3]GRAÇAS!BG48 -> 156.03571 | U46: =[3]GRAÇAS!BJ48 -> 117.18519 | V46: =[3]GRAÇAS!BM48 -> #DIV/0! | W46: =[3]GRAÇAS!BP48 -> #DIV/0! | X46: =[3]GRAÇAS!BS48 -> #DIV/0! | Y46: =[3]GRAÇAS!BV48 -> #DIV/0! | Z46: =[3]GRAÇAS!BY48 -> #DIV/0! | AA46: =[3]GRAÇAS!CB48 -> #DIV/0! | AB46: =[3]GRAÇAS!CE48 -> #DIV/0! | AC46: =[3]GRAÇAS!B50 -> 27 | AD46: =[3]GRAÇAS!B51 -> 20 | AE46: =[3]GRAÇAS!B52 -> 0 | AF46: =[3]GRAÇAS!B53 -> 0 | AG46: =[3]GRAÇAS!B54 -> 21 | AH46: =[3]GRAÇAS!$B$56 -> 34 | AI46: =[3]GRAÇAS!$B$57 -> 105117
A47: IV | B47: VÁRZEA CDU | C47: ='[4]V. CDU'!H57 -> 153.90698 | D47: ='[4]V. CDU'!K57 -> 281.35714 | E47: ='[4]V. CDU'!N57 -> 291.46512 | F47: ='[4]V. CDU'!Q57 -> 404.27907 | G47: ='[4]V. CDU'!T57 -> 190.28571 | H47: ='[4]V. CDU'!W57 -> 282.95238 | I47: ='[4]V. CDU'!Z57 -> 301.29268 | J47: ='[4]V. CDU'!AC57 -> 158.97619 | K47: ='[4]V. CDU'!AF57 -> 145.5641 | L47: ='[4]V. CDU'!AI57 -> 256.48837 | M47: ='[4]V. CDU'!AL57 -> 285.81395 | N47: ='[4]V. CDU'!AO57 -> 228.19512 | O47: ='[4]V. CDU'!AR57 -> 181.2619 | P47: ='[4]V. CDU'!AU57 -> 195.70732 | Q47: ='[4]V. CDU'!AX57 -> 182.40476 | R47: ='[4]V. CDU'!BA57 -> 212.90698 | S47: ='[4]V. CDU'!BD57 -> 104.2093 | T47: ='[4]V. CDU'!BG57 -> 132.19512 | U47: ='[4]V. CDU'!BJ57 -> 146.5122 | V47: ='[4]V. CDU'!BM57 -> #DIV/0! | W47: ='[4]V. CDU'!BP57 -> #DIV/0! | X47: ='[4]V. CDU'!BS57 -> #DIV/0! | Y47: ='[4]V. CDU'!BV57 -> #DIV/0! | Z47: ='[4]V. CDU'!BY57 -> #DIV/0! | AA47: ='[4]V. CDU'!CB57 -> #DIV/0! | AB47: ='[4]V. CDU'!CE57 -> #DIV/0! | AC47: ='[4]V. CDU'!B59 -> 6 | AD47: ='[4]V. CDU'!$B60 -> 7 | AE47: ='[4]V. CDU'!$B61 -> 0 | AF47: ='[4]V. CDU'!$B62 -> 0 | AG47: ='[4]V. CDU'!$B63 -> 4 | AH47: ='[4]V. CDU'!$B65 -> 43 | AI47: ='[4]V. CDU'!$B66 -> 173971
A48: IV | B48: VÁRZEA BRASILIT | C48: ='[4]V. BRASILIT'!H46 -> 349.06667 | D48: ='[4]V. BRASILIT'!K46 -> 270.2 | E48: ='[4]V. BRASILIT'!N46 -> 168.54839 | F48: ='[4]V. BRASILIT'!Q46 -> 386.1 | G48: ='[4]V. BRASILIT'!T46 -> 289.2069 | H48: ='[4]V. BRASILIT'!W46 -> 363.03571 | I48: ='[4]V. BRASILIT'!Z46 -> 264.03704 | J48: ='[4]V. BRASILIT'!AC46 -> 233.31034 | K48: ='[4]V. BRASILIT'!AF46 -> 182.76923 | L48: ='[4]V. BRASILIT'!AI46 -> 303.85185 | M48: ='[4]V. BRASILIT'!AL46 -> 369.41379 | N48: ='[4]V. BRASILIT'!AO46 -> 301.88889 | O48: ='[4]V. BRASILIT'!AR46 -> 191 | P48: ='[4]V. BRASILIT'!AU46 -> 249.5 | Q48: ='[4]V. BRASILIT'!AX46 -> 308.58065 | R48: ='[4]V. BRASILIT'!BA46 -> 267.41379 | S48: ='[4]V. BRASILIT'!BD46 -> 259.92593 | T48: ='[4]V. BRASILIT'!BG46 -> 251.88 | U48: ='[4]V. BRASILIT'!BJ46 -> 193.16667 | V48: ='[4]V. BRASILIT'!BM46 -> #DIV/0! | W48: ='[4]V. BRASILIT'!BP46 -> #DIV/0! | X48: ='[4]V. BRASILIT'!BS46 -> #DIV/0! | Y48: ='[4]V. BRASILIT'!BV46 -> #DIV/0! | Z48: ='[4]V. BRASILIT'!BY46 -> #DIV/0! | AA48: ='[4]V. BRASILIT'!CB46 -> #DIV/0! | AB48: ='[4]V. BRASILIT'!CE46 -> #DIV/0! | AC48: ='[4]V. BRASILIT'!B48 -> 40 | AD48: ='[4]V. BRASILIT'!B49 -> 24 | AE48: ='[4]V. BRASILIT'!B50 -> 4 | AF48: ='[4]V. BRASILIT'!B51 -> 0 | AG48: ='[4]V. BRASILIT'!B52 -> 40 | AH48: ='[4]V. BRASILIT'!$B$54 -> 32 | AI48: ='[4]V. BRASILIT'!$B$55 -> 147949
A49: IV | B49: VÁRZEA BAIXO | C49: ='[4]V. BAIXO'!H48 -> 190.78125 | D49: ='[4]V. BAIXO'!K48 -> 265.90909 | E49: ='[4]V. BAIXO'!N48 -> 249.8125 | F49: ='[4]V. BAIXO'!Q48 -> 418.34375 | G49: ='[4]V. BAIXO'!T48 -> 218.68966 | H49: ='[4]V. BAIXO'!W48 -> 264 | I49: ='[4]V. BAIXO'!Z48 -> 242.93548 | J49: ='[4]V. BAIXO'!AC48 -> 124.83871 | K49: ='[4]V. BAIXO'!AF48 -> 253.35484 | L49: ='[4]V. BAIXO'!AI48 -> 283.15625 | M49: ='[4]V. BAIXO'!AL48 -> 305.09375 | N49: ='[4]V. BAIXO'!AO48 -> 148.51613 | O49: ='[4]V. BAIXO'!AR48 -> 328 | P49: ='[4]V. BAIXO'!AU48 -> 312.80645 | Q49: ='[4]V. BAIXO'!AX48 -> 333.54839 | R49: ='[4]V. BAIXO'!BA48 -> 262.46875 | S49: ='[4]V. BAIXO'!BD48 -> 243.26471 | T49: ='[4]V. BAIXO'!BG48 -> 167.15625 | U49: ='[4]V. BAIXO'!BJ48 -> 235.46875 | V49: ='[4]V. BAIXO'!BM48 -> #DIV/0! | W49: ='[4]V. BAIXO'!BP48 -> #DIV/0! | X49: ='[4]V. BAIXO'!BS48 -> #DIV/0! | Y49: ='[4]V. BAIXO'!BV48 -> #DIV/0! | Z49: ='[4]V. BAIXO'!BY48 -> #DIV/0! | AA49: ='[4]V. BAIXO'!CB48 -> #DIV/0! | AB49: ='[4]V. BAIXO'!CE48 -> #DIV/0! | AC49: ='[4]V. BAIXO'!B49 -> 31 | AD49: ='[4]V. BAIXO'!B50 -> 9 | AE49: ='[4]V. BAIXO'!B51 -> 2 | AF49: ='[4]V. BAIXO'!B52 -> 0 | AG49: ='[4]V. BAIXO'!B53 -> 15 | AH49: ='[4]V. BAIXO'!$B$55 -> 34 | AI49: ='[4]V. BAIXO'!$B$56 -> 153229
A50: IV | B50: VÁRZEA BARREIRAS | C50: ='[4]V. BARREIRAS'!H49 -> 164.96552 | D50: ='[4]V. BARREIRAS'!K49 -> 315.44828 | E50: ='[4]V. BARREIRAS'!N49 -> 322.11111 | F50: ='[4]V. BARREIRAS'!Q49 -> 472.27586 | G50: ='[4]V. BARREIRAS'!T49 -> 181.67857 | H50: ='[4]V. BARREIRAS'!W49 -> 264.48148 | I50: ='[4]V. BARREIRAS'!Z49 -> 290.64 | J50: ='[4]V. BARREIRAS'!AC49 -> 231.60714 | K50: ='[4]V. BARREIRAS'!AF49 -> 141.64 | L50: ='[4]V. BARREIRAS'!AI49 -> 151.53846 | M50: ='[4]V. BARREIRAS'!AL49 -> 275.375 | N50: ='[4]V. BARREIRAS'!AO49 -> 172.2 | O50: ='[4]V. BARREIRAS'!AR49 -> 352.11538 | P50: ='[4]V. BARREIRAS'!AU49 -> 190.15625 | Q50: ='[4]V. BARREIRAS'!AX49 -> 310.46875 | R50: ='[4]V. BARREIRAS'!BA49 -> 187.66667 | S50: ='[4]V. BARREIRAS'!BD49 -> 176.48387 | T50: ='[4]V. BARREIRAS'!BG49 -> 213.88462 | U50: ='[4]V. BARREIRAS'!BJ49 -> 296.25 | V50: ='[4]V. BARREIRAS'!BM49 -> #DIV/0! | W50: ='[4]V. BARREIRAS'!BP49 -> #DIV/0! | X50: ='[4]V. BARREIRAS'!BS49 -> #DIV/0! | Y50: ='[4]V. BARREIRAS'!BV49 -> #DIV/0! | Z50: ='[4]V. BARREIRAS'!BY49 -> #DIV/0! | AA50: ='[4]V. BARREIRAS'!CB49 -> #DIV/0! | AB50: ='[4]V. BARREIRAS'!CE49 -> #DIV/0! | AC50: ='[4]V. BARREIRAS'!B51 -> 85 | AD50: ='[4]V. BARREIRAS'!B52 -> 33 | AE50: ='[4]V. BARREIRAS'!B53 -> 3 | AF50: ='[4]V. BARREIRAS'!B54 -> 0 | AG50: ='[4]V. BARREIRAS'!B55 -> 36 | AH50: ='[4]V. BARREIRAS'!$B$57 -> 35 | AI50: ='[4]V. BARREIRAS'!$B$58 -> 133895
A51: IV | B51: VÁRZEA UR-7 | C51: ='[4]V. UR-7'!H90 -> 193.01538 | D51: ='[4]V. UR-7'!K90 -> 212.56716 | E51: ='[4]V. UR-7'!N90 -> 227.52239 | F51: ='[4]V. UR-7'!Q90 -> 362.25352 | G51: ='[4]V. UR-7'!T90 -> 262.90909 | H51: ='[4]V. UR-7'!W90 -> 222.4375 | I51: ='[4]V. UR-7'!Z90 -> 270.19118 | J51: ='[4]V. UR-7'!AC90 -> 157.29231 | K51: ='[4]V. UR-7'!AF90 -> 178.7931 | L51: ='[4]V. UR-7'!AI90 -> 169.875 | M51: ='[4]V. UR-7'!AL90 -> 214.32353 | N51: ='[4]V. UR-7'!AO90 -> 122.78125 | O51: ='[4]V. UR-7'!AR90 -> 182.34848 | P51: ='[4]V. UR-7'!AU90 -> 131.17647 | Q51: ='[4]V. UR-7'!AX90 -> 189.18841 | R51: ='[4]V. UR-7'!BA90 -> 126.70588 | S51: ='[4]V. UR-7'!BD90 -> 145.43284 | T51: ='[4]V. UR-7'!BG90 -> 114.0625 | U51: ='[4]V. UR-7'!BJ90 -> 109.36207 | V51: ='[4]V. UR-7'!BM90 -> #DIV/0! | W51: ='[4]V. UR-7'!BP90 -> #DIV/0! | X51: ='[4]V. UR-7'!BS90 -> #DIV/0! | Y51: ='[4]V. UR-7'!BV90 -> #DIV/0! | Z51: ='[4]V. UR-7'!BY90 -> #DIV/0! | AA51: ='[4]V. UR-7'!CB90 -> #DIV/0! | AB51: ='[4]V. UR-7'!CE90 -> #DIV/0! | AC51: ='[4]V. UR-7'!B92 -> 114 | AD51: ='[4]V. UR-7'!B93 -> 68 | AE51: ='[4]V. UR-7'!B94 -> 4 | AF51: ='[4]V. UR-7'!B95 -> 0 | AG51: ='[4]V. UR-7'!B96 -> 85 | AH51: ='[4]V. UR-7'!$B$98 -> 76 | AI51: ='[4]V. UR-7'!$B$99 -> 237623
A52: IV | B52: ILHA DO RETIRO | C52: ='[4]ILHA DO RETIRO'!H30 -> 170.2 | D52: ='[4]ILHA DO RETIRO'!K30 -> 246.64286 | E52: ='[4]ILHA DO RETIRO'!N30 -> 247.38462 | F52: ='[4]ILHA DO RETIRO'!Q30 -> 624 | G52: ='[4]ILHA DO RETIRO'!T30 -> 340 | H52: ='[4]ILHA DO RETIRO'!W30 -> 337.64286 | I52: ='[4]ILHA DO RETIRO'!Z30 -> 215.84615 | J52: ='[4]ILHA DO RETIRO'!AC30 -> 303.85714 | K52: ='[4]ILHA DO RETIRO'!AF30 -> 225.1875 | L52: ='[4]ILHA DO RETIRO'!AI30 -> 337.57143 | M52: ='[4]ILHA DO RETIRO'!AL30 -> 516.57143 | N52: ='[4]ILHA DO RETIRO'!AO30 -> 443.06667 | O52: ='[4]ILHA DO RETIRO'!AR30 -> 235 | P52: ='[4]ILHA DO RETIRO'!AU30 -> 266.08333 | Q52: ='[4]ILHA DO RETIRO'!AX30 -> 297.53846 | R52: ='[4]ILHA DO RETIRO'!BA30 -> 226.28571 | S52: ='[4]ILHA DO RETIRO'!BD30 -> 161.28571 | T52: ='[4]ILHA DO RETIRO'!BG30 -> 80.166667 | U52: ='[4]ILHA DO RETIRO'!BJ30 -> 227.75 | V52: ='[4]ILHA DO RETIRO'!BM30 -> #DIV/0! | W52: ='[4]ILHA DO RETIRO'!BP30 -> #DIV/0! | X52: ='[4]ILHA DO RETIRO'!BS30 -> #DIV/0! | Y52: ='[4]ILHA DO RETIRO'!BV30 -> #DIV/0! | Z52: ='[4]ILHA DO RETIRO'!BY30 -> #DIV/0! | AA52: ='[4]ILHA DO RETIRO'!CB30 -> #DIV/0! | AB52: ='[4]ILHA DO RETIRO'!CE30 -> #DIV/0! | AC52: ='[4]ILHA DO RETIRO'!B32 -> 13 | AD52: ='[4]ILHA DO RETIRO'!B33 -> 23 | AE52: ='[4]ILHA DO RETIRO'!B34 -> 0 | AF52: ='[4]ILHA DO RETIRO'!B35 -> 0 | AG52: ='[4]ILHA DO RETIRO'!B36 -> 6 | AH52: ='[4]ILHA DO RETIRO'!$B$38 -> 16 | AI52: ='[4]ILHA DO RETIRO'!$B$39 -> 77200
A53: IV | B53: ZUMBI | C53: =[4]ZUMBI!H27 -> 166.54545 | D53: =[4]ZUMBI!K27 -> 140.08333 | E53: =[4]ZUMBI!N27 -> 235.38462 | F53: =[4]ZUMBI!Q27 -> 225.55556 | G53: =[4]ZUMBI!T27 -> 102.69231 | H53: =[4]ZUMBI!W27 -> 194.54545 | I53: =[4]ZUMBI!Z27 -> 158.5 | J53: =[4]ZUMBI!AC27 -> 134.07692 | K53: =[4]ZUMBI!AF27 -> 181.45455 | L53: =[4]ZUMBI!AI27 -> 202.83333 | M53: =[4]ZUMBI!AL27 -> 224.58333 | N53: =[4]ZUMBI!AO27 -> 210.41667 | O53: =[4]ZUMBI!AR27 -> 282.45455 | P53: =[4]ZUMBI!AU27 -> 212.75 | Q53: =[4]ZUMBI!AX27 -> 267.33333 | R53: =[4]ZUMBI!BA27 -> 253.2 | S53: =[4]ZUMBI!BD27 -> 182.08333 | T53: =[4]ZUMBI!BG27 -> 246.66667 | U53: =[4]ZUMBI!BJ27 -> 125.66667 | V53: =[4]ZUMBI!BM27 -> #DIV/0! | W53: =[4]ZUMBI!BP27 -> #DIV/0! | X53: =[4]ZUMBI!BS27 -> #DIV/0! | Y53: =[4]ZUMBI!BV27 -> #DIV/0! | Z53: =[4]ZUMBI!BY27 -> #DIV/0! | AA53: =[4]ZUMBI!CB27 -> #DIV/0! | AB53: =[4]ZUMBI!CE27 -> #DIV/0! | AC53: =[4]ZUMBI!B29 -> 11 | AD53: =[4]ZUMBI!B30 -> 11 | AE53: =[4]ZUMBI!B31 -> 0 | AF53: =[4]ZUMBI!B32 -> 0 | AG53: =[4]ZUMBI!B33 -> 15 | AH53: =[4]ZUMBI!$B$35 -> 13 | AI53: =[4]ZUMBI!$B$36 -> 43426
A54: IV | B54: ENGENHO DO MEIO | C54: ='[4]ENGENHO DO MEIO'!H38 -> 403.45 | D54: ='[4]ENGENHO DO MEIO'!K38 -> 455.33333 | E54: ='[4]ENGENHO DO MEIO'!N38 -> 423.5 | F54: ='[4]ENGENHO DO MEIO'!Q38 -> 560.45455 | G54: ='[4]ENGENHO DO MEIO'!T38 -> 508.04762 | H54: ='[4]ENGENHO DO MEIO'!W38 -> 245.78947 | I54: ='[4]ENGENHO DO MEIO'!Z38 -> 525.82609 | J54: ='[4]ENGENHO DO MEIO'!AC38 -> 532.77273 | K54: ='[4]ENGENHO DO MEIO'!AF38 -> 361.19048 | L54: ='[4]ENGENHO DO MEIO'!AI38 -> 499.78261 | M54: ='[4]ENGENHO DO MEIO'!AL38 -> 403.95455 | N54: ='[4]ENGENHO DO MEIO'!AO38 -> 489.21739 | O54: ='[4]ENGENHO DO MEIO'!AR38 -> 576.29167 | P54: ='[4]ENGENHO DO MEIO'!AU38 -> 370.47619 | Q54: ='[4]ENGENHO DO MEIO'!AX38 -> 513.95833 | R54: ='[4]ENGENHO DO MEIO'!BA38 -> 297 | S54: ='[4]ENGENHO DO MEIO'!BD38 -> 385.66667 | T54: ='[4]ENGENHO DO MEIO'!BG38 -> 235.63158 | U54: ='[4]ENGENHO DO MEIO'!BJ38 -> 351.16667 | V54: ='[4]ENGENHO DO MEIO'!BM38 -> #DIV/0! | W54: ='[4]ENGENHO DO MEIO'!BP38 -> #DIV/0! | X54: ='[4]ENGENHO DO MEIO'!BS38 -> #DIV/0! | Y54: ='[4]ENGENHO DO MEIO'!BV38 -> #DIV/0! | Z54: ='[4]ENGENHO DO MEIO'!BY38 -> #DIV/0! | AA54: ='[4]ENGENHO DO MEIO'!CB38 -> #DIV/0! | AB54: ='[4]ENGENHO DO MEIO'!CE38 -> #DIV/0! | AC54: ='[4]ENGENHO DO MEIO'!B40 -> 27 | AD54: ='[4]ENGENHO DO MEIO'!B41 -> 19 | AE54: ='[4]ENGENHO DO MEIO'!B42 -> 1 | AF54: ='[4]ENGENHO DO MEIO'!B43 -> 0 | AG54: ='[4]ENGENHO DO MEIO'!B44 -> 25 | AH54: ='[4]ENGENHO DO MEIO'!$B$46 -> 24 | AI54: ='[4]ENGENHO DO MEIO'!$B$47 -> 177028
A55: V | B55: Mangueira | C55: =[5]MANGUEIRA!H29 -> 167 | D55: =[5]MANGUEIRA!K29 -> 188.69231 | E55: =[5]MANGUEIRA!N29 -> 362.84615 | F55: =[5]MANGUEIRA!Q29 -> 297.92308 | G55: =[5]MANGUEIRA!T29 -> 242.8 | H55: =[5]MANGUEIRA!W29 -> 298.75 | I55: =[5]MANGUEIRA!Z29 -> 300.16667 | J55: =[5]MANGUEIRA!AC29 -> 270.33333 | K55: =[5]MANGUEIRA!AF29 -> 180.53846 | L55: =[5]MANGUEIRA!AI29 -> 94 | M55: =[5]MANGUEIRA!AL29 -> 640.36364 | N55: =[5]MANGUEIRA!AO29 -> 386.58333 | O55: =[5]MANGUEIRA!AR29 -> 289 | P55: =[5]MANGUEIRA!AU29 -> 249.81818 | Q55: =[5]MANGUEIRA!AX29 -> 222.66667 | R55: =[5]MANGUEIRA!BA29 -> 161.7 | S55: =[5]MANGUEIRA!BD29 -> 283.22222 | T55: =[5]MANGUEIRA!BG29 -> 258.63636 | U55: =[5]MANGUEIRA!BJ29 -> #DIV/0! | V55: =[5]MANGUEIRA!BM29 -> #DIV/0! | W55: =[5]MANGUEIRA!BP29 -> #DIV/0! | X55: =[5]MANGUEIRA!BS29 -> #DIV/0! | Y55: =[5]MANGUEIRA!BV29 -> #DIV/0! | Z55: =[5]MANGUEIRA!BY29 -> #DIV/0! | AA55: =[5]MANGUEIRA!CB29 -> #DIV/0! | AB55: =[5]MANGUEIRA!CE29 -> #DIV/0! | AC55: =[5]MANGUEIRA!B31 -> 47 | AD55: =[5]MANGUEIRA!B32 -> 14 | AE55: =[5]MANGUEIRA!B33 -> 1 | AF55: =[5]MANGUEIRA!B34 -> 0 | AG55: =[5]MANGUEIRA!B35 -> 29 | AH55: =[5]MANGUEIRA!$B$37 -> 15 | AI55: =[5]MANGUEIRA!$B$38 -> 56657
A56: V | B56: Jardim São Paulo I | C56: ='[5]JARDIM SÃO PAULO I'!H46 -> 241.66667 | D56: ='[5]JARDIM SÃO PAULO I'!K46 -> 245.67857 | E56: ='[5]JARDIM SÃO PAULO I'!N46 -> 339.64286 | F56: ='[5]JARDIM SÃO PAULO I'!Q46 -> 194.04 | G56: ='[5]JARDIM SÃO PAULO I'!T46 -> 233.46154 | H56: ='[5]JARDIM SÃO PAULO I'!W46 -> 274.48 | I56: ='[5]JARDIM SÃO PAULO I'!Z46 -> 294.85185 | J56: ='[5]JARDIM SÃO PAULO I'!AC46 -> 263.43333 | K56: ='[5]JARDIM SÃO PAULO I'!AF46 -> 137.33333 | L56: ='[5]JARDIM SÃO PAULO I'!AI46 -> 181.85185 | M56: ='[5]JARDIM SÃO PAULO I'!AL46 -> 390.24 | N56: ='[5]JARDIM SÃO PAULO I'!AO46 -> 254.08696 | O56: ='[5]JARDIM SÃO PAULO I'!AR46 -> 243.84 | P56: ='[5]JARDIM SÃO PAULO I'!AU46 -> 174 | Q56: ='[5]JARDIM SÃO PAULO I'!AX46 -> 330.07692 | R56: ='[5]JARDIM SÃO PAULO I'!BA46 -> 201.19231 | S56: ='[5]JARDIM SÃO PAULO I'!BD46 -> 258 | T56: ='[5]JARDIM SÃO PAULO I'!BG46 -> 196.45455 | U56: ='[5]JARDIM SÃO PAULO I'!BJ46 -> #DIV/0! | V56: ='[5]JARDIM SÃO PAULO I'!BM46 -> #DIV/0! | W56: ='[5]JARDIM SÃO PAULO I'!BP46 -> #DIV/0! | X56: ='[5]JARDIM SÃO PAULO I'!BS46 -> #DIV/0! | Y56: ='[5]JARDIM SÃO PAULO I'!BV46 -> #DIV/0! | Z56: ='[5]JARDIM SÃO PAULO I'!BY46 -> #DIV/0! | AA56: ='[5]JARDIM SÃO PAULO I'!CB46 -> #DIV/0! | AB56: ='[5]JARDIM SÃO PAULO I'!CE46 -> #DIV/0! | AC56: ='[5]JARDIM SÃO PAULO I'!B48 -> 70 | AD56: ='[5]JARDIM SÃO PAULO I'!B49 -> 33 | AE56: ='[5]JARDIM SÃO PAULO I'!B50 -> 4 | AF56: ='[5]JARDIM SÃO PAULO I'!B51 -> 0 | AG56: ='[5]JARDIM SÃO PAULO I'!B52 -> 54 | AH56: ='[5]JARDIM SÃO PAULO I'!$B$54 -> 32 | AI56: ='[5]JARDIM SÃO PAULO I'!$B$55 -> 115746
A57: V | B57: Jardim São Paulo II | C57: ='[5]JARDIM SÃO PAULO II'!H48 -> 204.51852 | D57: ='[5]JARDIM SÃO PAULO II'!K48 -> 281.51515 | E57: ='[5]JARDIM SÃO PAULO II'!N48 -> 254.1875 | F57: ='[5]JARDIM SÃO PAULO II'!Q48 -> 300.27273 | G57: ='[5]JARDIM SÃO PAULO II'!T48 -> 192.85294 | H57: ='[5]JARDIM SÃO PAULO II'!W48 -> 146.23529 | I57: ='[5]JARDIM SÃO PAULO II'!Z48 -> 292.70588 | J57: ='[5]JARDIM SÃO PAULO II'!AC48 -> 241.84848 | K57: ='[5]JARDIM SÃO PAULO II'!AF48 -> 219.94118 | L57: ='[5]JARDIM SÃO PAULO II'!AI48 -> 217.34375 | M57: ='[5]JARDIM SÃO PAULO II'!AL48 -> 160.85294 | N57: ='[5]JARDIM SÃO PAULO II'!AO48 -> 376.09375 | O57: ='[5]JARDIM SÃO PAULO II'!AR48 -> 196.72727 | P57: ='[5]JARDIM SÃO PAULO II'!AU48 -> 158.86667 | Q57: ='[5]JARDIM SÃO PAULO II'!AX48 -> 217.45455 | R57: ='[5]JARDIM SÃO PAULO II'!BA48 -> 246.61765 | S57: ='[5]JARDIM SÃO PAULO II'!BD48 -> 172.78788 | T57: ='[5]JARDIM SÃO PAULO II'!BG48 -> 184.96875 | U57: ='[5]JARDIM SÃO PAULO II'!BJ48 -> #DIV/0! | V57: ='[5]JARDIM SÃO PAULO II'!BM48 -> #DIV/0! | W57: ='[5]JARDIM SÃO PAULO II'!BP48 -> #DIV/0! | X57: ='[5]JARDIM SÃO PAULO II'!BS48 -> #DIV/0! | Y57: ='[5]JARDIM SÃO PAULO II'!BV48 -> #DIV/0! | Z57: ='[5]JARDIM SÃO PAULO II'!BY48 -> #DIV/0! | AA57: ='[5]JARDIM SÃO PAULO II'!CB48 -> #DIV/0! | AB57: ='[5]JARDIM SÃO PAULO II'!CE48 -> #DIV/0! | AC57: ='[5]JARDIM SÃO PAULO II'!B50 -> 10 | AD57: ='[5]JARDIM SÃO PAULO II'!B51 -> 7 | AE57: ='[5]JARDIM SÃO PAULO II'!B52 -> 0 | AF57: ='[5]JARDIM SÃO PAULO II'!B53 -> 0 | AG57: ='[5]JARDIM SÃO PAULO II'!B54 -> 5 | AH57: ='[5]JARDIM SÃO PAULO II'!$B$56 -> 34 | AI57: ='[5]JARDIM SÃO PAULO II'!$B$57 -> 132694
A58: V | B58: Afogados I | C58: ='[5]AFOGADOS I'!H32 -> 254 | D58: ='[5]AFOGADOS I'!K32 -> 422.30769 | E58: ='[5]AFOGADOS I'!N32 -> 353 | F58: ='[5]AFOGADOS I'!Q32 -> 355.11765 | G58: ='[5]AFOGADOS I'!T32 -> 274.5 | H58: ='[5]AFOGADOS I'!W32 -> 268.42857 | I58: ='[5]AFOGADOS I'!Z32 -> 295.5 | J58: ='[5]AFOGADOS I'!AC32 -> 267.61111 | K58: ='[5]AFOGADOS I'!AF32 -> 123.125 | L58: ='[5]AFOGADOS I'!AI32 -> 449.23077 | M58: ='[5]AFOGADOS I'!AL32 -> 310.14286 | N58: ='[5]AFOGADOS I'!AO32 -> 336 | O58: ='[5]AFOGADOS I'!AR32 -> 498.125 | P58: ='[5]AFOGADOS I'!AU32 -> 411.88235 | Q58: ='[5]AFOGADOS I'!AX32 -> 493.26667 | R58: ='[5]AFOGADOS I'!BA32 -> 260.125 | S58: ='[5]AFOGADOS I'!BD32 -> 323.85714 | T58: ='[5]AFOGADOS I'!BG32 -> 213.66667 | U58: ='[5]AFOGADOS I'!BJ32 -> #DIV/0! | V58: ='[5]AFOGADOS I'!BM32 -> #DIV/0! | W58: ='[5]AFOGADOS I'!BP32 -> #DIV/0! | X58: ='[5]AFOGADOS I'!BS32 -> #DIV/0! | Y58: ='[5]AFOGADOS I'!BV32 -> #DIV/0! | Z58: ='[5]AFOGADOS I'!BY32 -> #DIV/0! | AA58: ='[5]AFOGADOS I'!CB32 -> #DIV/0! | AB58: ='[5]AFOGADOS I'!CE32 -> #DIV/0! | AC58: ='[5]AFOGADOS I'!B34 -> 39 | AD58: ='[5]AFOGADOS I'!B35 -> 17 | AE58: ='[5]AFOGADOS I'!B36 -> 2 | AF58: ='[5]AFOGADOS I'!B37 -> 0 | AG58: ='[5]AFOGADOS I'!B38 -> 21 | AH58: ='[5]AFOGADOS I'!$B$40 -> 18 | AI58: ='[5]AFOGADOS I'!$B$41 -> 86953
A59: V | B59: Afogados II | C59: ='[5]AFOGADOS II '!H44 -> 187.26923 | D59: ='[5]AFOGADOS II '!K44 -> 268.96296 | E59: ='[5]AFOGADOS II '!N44 -> 378.55556 | F59: ='[5]AFOGADOS II '!Q44 -> 299.11538 | G59: ='[5]AFOGADOS II '!T44 -> 151.55172 | H59: ='[5]AFOGADOS II '!W44 -> 262.88462 | I59: ='[5]AFOGADOS II '!Z44 -> 264.76 | J59: ='[5]AFOGADOS II '!AC44 -> 315.83333 | K59: ='[5]AFOGADOS II '!AF44 -> 177.82143 | L59: ='[5]AFOGADOS II '!AI44 -> 275.61538 | M59: ='[5]AFOGADOS II '!AL44 -> 425.15385 | N59: ='[5]AFOGADOS II '!AO44 -> 297.36 | O59: ='[5]AFOGADOS II '!AR44 -> 303.28571 | P59: ='[5]AFOGADOS II '!AU44 -> 309.22222 | Q59: ='[5]AFOGADOS II '!AX44 -> 290.71429 | R59: ='[5]AFOGADOS II '!BA44 -> 141.10345 | S59: ='[5]AFOGADOS II '!BD44 -> 175.10345 | T59: ='[5]AFOGADOS II '!BG44 -> 159 | U59: ='[5]AFOGADOS II '!BJ44 -> #DIV/0! | V59: ='[5]AFOGADOS II '!BM44 -> #DIV/0! | W59: ='[5]AFOGADOS II '!BP44 -> #DIV/0! | X59: ='[5]AFOGADOS II '!BS44 -> #DIV/0! | Y59: ='[5]AFOGADOS II '!BV44 -> #DIV/0! | Z59: ='[5]AFOGADOS II '!BY44 -> #DIV/0! | AA59: ='[5]AFOGADOS II '!CB44 -> #DIV/0! | AB59: ='[5]AFOGADOS II '!CE44 -> #DIV/0! | AC59: ='[5]AFOGADOS II '!B46 -> 33 | AD59: ='[5]AFOGADOS II '!B47 -> 21 | AE59: ='[5]AFOGADOS II '!B48 -> 3 | AF59: ='[5]AFOGADOS II '!B49 -> 0 | AG59: ='[5]AFOGADOS II '!B50 -> 30 | AH59: ='[5]AFOGADOS II '!$B$52 -> 30 | AI59: ='[5]AFOGADOS II '!$B$53 -> 124476
A60: V | B60: Afogados III | C60: ='[5]AFOGADOS III'!H50 -> 245.25926 | D60: ='[5]AFOGADOS III'!K50 -> 351 | E60: ='[5]AFOGADOS III'!N50 -> 206.0625 | F60: ='[5]AFOGADOS III'!Q50 -> 439.32258 | G60: ='[5]AFOGADOS III'!T50 -> 253.5 | H60: ='[5]AFOGADOS III'!W50 -> 242.37931 | I60: ='[5]AFOGADOS III'!Z50 -> 410.75 | J60: ='[5]AFOGADOS III'!AC50 -> 239.80769 | K60: ='[5]AFOGADOS III'!AF50 -> 262.64286 | L60: ='[5]AFOGADOS III'!AI50 -> 297.85714 | M60: ='[5]AFOGADOS III'!AL50 -> 327.65517 | N60: ='[5]AFOGADOS III'!AO50 -> 415.46667 | O60: ='[5]AFOGADOS III'!AR50 -> 304.21212 | P60: ='[5]AFOGADOS III'!AU50 -> 263.09677 | Q60: ='[5]AFOGADOS III'!AX50 -> 273.53571 | R60: ='[5]AFOGADOS III'!BA50 -> 240.40625 | S60: ='[5]AFOGADOS III'!BD50 -> 244.96774 | T60: ='[5]AFOGADOS III'!BG50 -> 169.33333 | U60: ='[5]AFOGADOS III'!BJ50 -> #DIV/0! | V60: ='[5]AFOGADOS III'!BM50 -> #DIV/0! | W60: ='[5]AFOGADOS III'!BP50 -> #DIV/0! | X60: ='[5]AFOGADOS III'!BS50 -> #DIV/0! | Y60: ='[5]AFOGADOS III'!BV50 -> #DIV/0! | Z60: ='[5]AFOGADOS III'!BY50 -> #DIV/0! | AA60: ='[5]AFOGADOS III'!CB50 -> #DIV/0! | AB60: ='[5]AFOGADOS III'!CE50 -> #DIV/0! | AC60: ='[5]AFOGADOS III'!B52 -> 79 | AD60: ='[5]AFOGADOS III'!B53 -> 24 | AE60: ='[5]AFOGADOS III'!B54 -> 4 | AF60: ='[5]AFOGADOS III'!B55 -> 0 | AG60: ='[5]AFOGADOS III'!B56 -> 30 | AH60: ='[5]AFOGADOS III'!$B$58 -> 36 | AI60: ='[5]AFOGADOS III'!$B$59 -> 154669
A61: V | B61: Barro II | C61: ='[5]BARRO II'!$H$36 -> 129.27273 | D61: ='[5]BARRO II'!$K$36 -> 162.09091 | E61: ='[5]BARRO II'!N36 -> 266 | F61: ='[5]BARRO II'!Q36 -> 280.09091 | G61: ='[5]BARRO II'!T36 -> 254.45455 | H61: ='[5]BARRO II'!W36 -> 158.59091 | I61: ='[5]BARRO II'!$Z$36 -> 181.3 | J61: ='[5]BARRO II'!$AC$36 -> 165.81818 | K61: ='[5]BARRO II'!$AF$36 -> 161.13636 | L61: ='[5]BARRO II'!$AI$36 -> 162.38095 | M61: ='[5]BARRO II'!$AL$36 -> 169.59091 | N61: ='[5]BARRO II'!$AO$36 -> 119.875 | O61: ='[5]BARRO II'!$AR$36 -> 195.85714 | P61: ='[5]BARRO II'!$AU$36 -> 198.36364 | Q61: ='[5]BARRO II'!$AX$36 -> 104.36364 | R61: ='[5]BARRO II'!$BA$36 -> 120.5 | S61: ='[5]BARRO II'!$BD$36 -> 113.15 | T61: ='[5]BARRO II'!$BG$36 -> 132.95238 | U61: ='[5]BARRO II'!$BJ$36 -> #DIV/0! | V61: ='[5]BARRO II'!$BM$36 -> #DIV/0! | W61: ='[5]BARRO II'!$BP$36 -> #DIV/0! | X61: ='[5]BARRO II'!$BS$36 -> #DIV/0! | Y61: ='[5]BARRO II'!$BV$36 -> #DIV/0! | Z61: ='[5]BARRO II'!$BY$36 -> #DIV/0! | AA61: ='[5]BARRO II'!$CB$36 -> #DIV/0! | AB61: ='[5]BARRO II'!$CE$36 -> #DIV/0! | AC61: ='[5]BARRO II'!$B$38 -> 4 | AD61: ='[5]BARRO II'!$B$39 -> 0 | AE61: ='[5]BARRO II'!$B$41 -> 0 | AF61: ='[5]BARRO II'!$B$41 -> 0 | AG61: ='[5]BARRO II'!$B$42 -> 7 | AH61: ='[5]BARRO II'!$B$44 -> 22 | AI61: ='[5]BARRO II'!$B$45 -> 65386
A62: VI | B62: Pina | C62: =[6]PINA!H62 -> 374.52174 | D62: =[6]PINA!K62 -> 351.6 | E62: =[6]PINA!N62 -> 401.70213 | F62: =[6]PINA!Q62 -> 346.91667 | G62: =[6]PINA!T62 -> 168.29167 | H62: =[6]PINA!W62 -> 272.65957 | I62: =[6]PINA!Z62 -> 338.26087 | J62: =[6]PINA!AC62 -> 263.20833 | K62: =[6]PINA!AF62 -> 85.041667 | L62: =[6]PINA!AI62 -> 354.43478 | M62: =[6]PINA!AL62 -> 422.43478 | N62: =[6]PINA!AO62 -> 282.57778 | O62: =[6]PINA!AR62 -> 317.57778 | P62: =[6]PINA!AU62 -> 267.34091 | Q62: =[6]PINA!AX62 -> 363.15909 | R62: =[6]PINA!BA62 -> 288.6087 | S62: =[6]PINA!BD62 -> 276.84444 | T62: =[6]PINA!BG62 -> 242.95455 | U62: =[6]PINA!BJ62 -> #DIV/0! | V62: =[6]PINA!BM62 -> #DIV/0! | W62: =[6]PINA!BP62 -> #DIV/0! | X62: =[6]PINA!BS62 -> #DIV/0! | Y62: =[6]PINA!BV62 -> #DIV/0! | Z62: =[6]PINA!BY62 -> #DIV/0! | AA62: =[6]PINA!CB62 -> #DIV/0! | AB62: =[6]PINA!CE62 -> #DIV/0! | AC62: =[6]PINA!B64 -> 18 | AD62: =[6]PINA!B65 -> 10 | AE62: =[6]PINA!B66 -> 0 | AF62: =[6]PINA!B67 -> 0 | AG62: =[6]PINA!B68 -> 14 | AH62: =[6]PINA!$B$70 -> 48 | AI62: =[6]PINA!$B$71 -> 248660
A63: VI | B63: Brasília | C63: =[6]BRASÍLIA!H50 -> 168.17143 | D63: =[6]BRASÍLIA!K50 -> 162.21875 | E63: =[6]BRASÍLIA!N50 -> 352.45161 | F63: =[6]BRASÍLIA!Q50 -> 346.1875 | G63: =[6]BRASÍLIA!T50 -> 148.60606 | H63: =[6]BRASÍLIA!W50 -> 269.23529 | I63: =[6]BRASÍLIA!Z50 -> 357 | J63: =[6]BRASÍLIA!AC50 -> 234.27273 | K63: =[6]BRASÍLIA!AF50 -> 170.84848 | L63: =[6]BRASÍLIA!AI50 -> 285.14706 | M63: =[6]BRASÍLIA!AL50 -> 294.53125 | N63: =[6]BRASÍLIA!AO50 -> 280.625 | O63: =[6]BRASÍLIA!AR50 -> 233.03125 | P63: =[6]BRASÍLIA!AU50 -> 153.48485 | Q63: =[6]BRASÍLIA!AX50 -> 212.91429 | R63: =[6]BRASÍLIA!BA50 -> 246.6 | S63: =[6]BRASÍLIA!BD50 -> 223.97222 | T63: =[6]BRASÍLIA!BG50 -> 248.02857 | U63: =[6]BRASÍLIA!BJ50 -> #DIV/0! | V63: =[6]BRASÍLIA!BM50 -> #DIV/0! | W63: =[6]BRASÍLIA!BP50 -> #DIV/0! | X63: =[6]BRASÍLIA!BS50 -> #DIV/0! | Y63: =[6]BRASÍLIA!BV50 -> #DIV/0! | Z63: =[6]BRASÍLIA!BY50 -> #DIV/0! | AA63: =[6]BRASÍLIA!CB50 -> #DIV/0! | AB63: =[6]BRASÍLIA!CE50 -> #DIV/0! | AC63: =[6]BRASÍLIA!B52 -> 21 | AD63: =[6]BRASÍLIA!B53 -> 17 | AE63: =[6]BRASÍLIA!B54 -> 2 | AF63: =[6]BRASÍLIA!B55 -> 0 | AG63: =[6]BRASÍLIA!B56 -> 24 | AH63: =[6]BRASÍLIA!$B$58 -> 36 | AI63: =[6]BRASÍLIA!$B$59 -> 146095
A64: VI | B64: Ipsep | C64: =[6]IPSEP!H57 -> 309.64286 | D64: =[6]IPSEP!K57 -> 394.57143 | E64: =[6]IPSEP!N57 -> 937.44186 | F64: =[6]IPSEP!Q57 -> 399.52381 | G64: =[6]IPSEP!T57 -> 507.75 | H64: =[6]IPSEP!W57 -> 405.62791 | I64: =[6]IPSEP!Z57 -> 424.85366 | J64: =[6]IPSEP!AC57 -> 220.34884 | K64: =[6]IPSEP!AF57 -> 234.16279 | L64: =[6]IPSEP!AI57 -> 471.78049 | M64: =[6]IPSEP!AL57 -> 414.54762 | N64: =[6]IPSEP!AO57 -> 375.57143 | O64: =[6]IPSEP!AR57 -> 304.38095 | P64: =[6]IPSEP!AU57 -> 308.76744 | Q64: =[6]IPSEP!AX57 -> 375.51163 | R64: =[6]IPSEP!BA57 -> 351.83333 | S64: =[6]IPSEP!BD57 -> 381.31707 | T64: =[6]IPSEP!BG57 -> 355.41463 | U64: =[6]IPSEP!BJ57 -> #DIV/0! | V64: =[6]IPSEP!BM57 -> #DIV/0! | W64: =[6]IPSEP!BP57 -> #DIV/0! | X64: =[6]IPSEP!BS57 -> #DIV/0! | Y64: =[6]IPSEP!BV57 -> #DIV/0! | Z64: =[6]IPSEP!BY57 -> #DIV/0! | AA64: =[6]IPSEP!CB57 -> #DIV/0! | AB64: =[6]IPSEP!CE57 -> #DIV/0! | AC64: =[6]IPSEP!B59 -> 9 | AD64: =[6]IPSEP!B60 -> 7 | AE64: =[6]IPSEP!B61 -> 1 | AF64: =[6]IPSEP!B62 -> 0 | AG64: =[6]IPSEP!B63 -> 12 | AH64: =[6]IPSEP!$B$65 -> 43 | AI64: =[6]IPSEP!$B$66 -> 301101
A65: VI | B65: Imbiribeira | C65: =[6]IMBIRIBEIRA!H150 -> 211.33333 | D65: =[6]IMBIRIBEIRA!K150 -> 221.57798 | E65: =[6]IMBIRIBEIRA!N150 -> 303.53913 | F65: =[6]IMBIRIBEIRA!Q150 -> 312.04386 | G65: =[6]IMBIRIBEIRA!T150 -> 225.00855 | H65: =[6]IMBIRIBEIRA!W150 -> 228.71318 | I65: =[6]IMBIRIBEIRA!Z150 -> 264.55 | J65: =[6]IMBIRIBEIRA!AC150 -> 230.4375 | K65: =[6]IMBIRIBEIRA!AF150 -> 191.12389 | L65: =[6]IMBIRIBEIRA!AI150 -> 270.62393 | M65: =[6]IMBIRIBEIRA!AL150 -> 264.5122 | N65: =[6]IMBIRIBEIRA!AO150 -> 191.24786 | O65: =[6]IMBIRIBEIRA!AR150 -> 238.06838 | P65: =[6]IMBIRIBEIRA!AU150 -> 182.6748 | Q65: =[6]IMBIRIBEIRA!AX150 -> 257.08264 | R65: =[6]IMBIRIBEIRA!BA150 -> 176.1371 | S65: =[6]IMBIRIBEIRA!BD150 -> 219.21429 | T65: =[6]IMBIRIBEIRA!BG150 -> 180.79839 | U65: =[6]IMBIRIBEIRA!BJ150 -> #DIV/0! | V65: =[6]IMBIRIBEIRA!BM150 -> #DIV/0! | W65: =[6]IMBIRIBEIRA!BP150 -> #DIV/0! | X65: =[6]IMBIRIBEIRA!BS150 -> #DIV/0! | Y65: =[6]IMBIRIBEIRA!BV150 -> #DIV/0! | Z65: =[6]IMBIRIBEIRA!BY150 -> #DIV/0! | AA65: =[6]IMBIRIBEIRA!CB150 -> #DIV/0! | AB65: =[6]IMBIRIBEIRA!CE150 -> #DIV/0! | AC65: =[6]IMBIRIBEIRA!B152 -> 160 | AD65: =[6]IMBIRIBEIRA!B153 -> 120 | AE65: =[6]IMBIRIBEIRA!B154 -> 4 | AF65: =[6]IMBIRIBEIRA!B155 -> 0 | AG65: =[6]IMBIRIBEIRA!B156 -> 119 | AH65: =[6]IMBIRIBEIRA!$B$158 -> 136 | AI65: =[6]IMBIRIBEIRA!$B$159 -> 494108
A66: VI | B66: Boa Viagem | C66: ='[6]BOA VIAGEM'!H176 -> 188.33553 | D66: ='[6]BOA VIAGEM'!K176 -> 197.48052 | E66: ='[6]BOA VIAGEM'!N176 -> 292.85161 | F66: ='[6]BOA VIAGEM'!Q176 -> 272.25 | G66: ='[6]BOA VIAGEM'!T176 -> 195.1465 | H66: ='[6]BOA VIAGEM'!W176 -> 217.8805 | I66: ='[6]BOA VIAGEM'!Z176 -> 270.47742 | J66: ='[6]BOA VIAGEM'!AC176 -> 206.28025 | K66: ='[6]BOA VIAGEM'!AF176 -> 168.80503 | L66: ='[6]BOA VIAGEM'!AI176 -> 220.79085 | M66: ='[6]BOA VIAGEM'!AL176 -> 341.19079 | N66: ='[6]BOA VIAGEM'!AO176 -> 241.1519 | O66: ='[6]BOA VIAGEM'!AR176 -> 228.8481 | P66: ='[6]BOA VIAGEM'!AU176 -> 216.64968 | Q66: ='[6]BOA VIAGEM'!AX176 -> 242.19355 | R66: ='[6]BOA VIAGEM'!BA176 -> 235.24675 | S66: ='[6]BOA VIAGEM'!BD176 -> 152.13836 | T66: ='[6]BOA VIAGEM'!BG176 -> 199.00649 | U66: ='[6]BOA VIAGEM'!BJ176 -> #DIV/0! | V66: ='[6]BOA VIAGEM'!BM176 -> #DIV/0! | W66: ='[6]BOA VIAGEM'!BP176 -> #DIV/0! | X66: ='[6]BOA VIAGEM'!BS176 -> #DIV/0! | Y66: ='[6]BOA VIAGEM'!BV176 -> #DIV/0! | Z66: ='[6]BOA VIAGEM'!BY176 -> #DIV/0! | AA66: ='[6]BOA VIAGEM'!CB176 -> #DIV/0! | AB66: ='[6]BOA VIAGEM'!CE176 -> #DIV/0! | AC66: ='[6]BOA VIAGEM'!B178 -> 36 | AD66: ='[6]BOA VIAGEM'!B179 -> 40 | AE66: ='[6]BOA VIAGEM'!B180 -> 5 | AF66: ='[6]BOA VIAGEM'!B181 -> 0 | AG66: ='[6]BOA VIAGEM'!B182 -> 36 | AH66: ='[6]BOA VIAGEM'!$B$184 -> 162 | AI66: ='[6]BOA VIAGEM'!$B$185 -> 636943
A67: VII | B67: Nova Descoberta | C67: ='[7]NOVA DESCOBERTA '!H74 -> 171.6 | D67: ='[7]NOVA DESCOBERTA '!K74 -> 130.27586 | E67: ='[7]NOVA DESCOBERTA '!N74 -> 177.13559 | F67: ='[7]NOVA DESCOBERTA '!Q74 -> 172.49123 | G67: ='[7]NOVA DESCOBERTA '!T74 -> 306.81818 | H67: ='[7]NOVA DESCOBERTA '!W74 -> 280.15254 | I67: ='[7]NOVA DESCOBERTA '!Z74 -> 273.54386 | J67: ='[7]NOVA DESCOBERTA '!AC74 -> 213.12727 | K67: ='[7]NOVA DESCOBERTA '!AF74 -> 190.05357 | L67: ='[7]NOVA DESCOBERTA '!AI74 -> 281.70175 | M67: ='[7]NOVA DESCOBERTA '!AL74 -> 320.45 | N67: ='[7]NOVA DESCOBERTA '!AO74 -> 195.47368 | O67: ='[7]NOVA DESCOBERTA '!AR74 -> 214.52727 | P67: ='[7]NOVA DESCOBERTA '!AU74 -> 218.35593 | Q67: ='[7]NOVA DESCOBERTA '!AX74 -> 298.7931 | R67: ='[7]NOVA DESCOBERTA '!BA74 -> 217.89655 | S67: ='[7]NOVA DESCOBERTA '!BD74 -> 146.26316 | T67: ='[7]NOVA DESCOBERTA '!BG74 -> 147.03571 | U67: ='[7]NOVA DESCOBERTA '!BJ74 -> #DIV/0! | V67: ='[7]NOVA DESCOBERTA '!BM74 -> #DIV/0! | W67: ='[7]NOVA DESCOBERTA '!BP74 -> #DIV/0! | X67: ='[7]NOVA DESCOBERTA '!BS74 -> #DIV/0! | Y67: ='[7]NOVA DESCOBERTA '!BV74 -> #DIV/0! | Z67: ='[7]NOVA DESCOBERTA '!BY74 -> #DIV/0! | AA67: ='[7]NOVA DESCOBERTA '!CB74 -> #DIV/0! | AB67: ='[7]NOVA DESCOBERTA '!CE74 -> #DIV/0! | AC67: ='[7]NOVA DESCOBERTA '!B77 -> 26 | AD67: ='[7]NOVA DESCOBERTA '!B78 -> 17 | AE67: ='[7]NOVA DESCOBERTA '!B79 -> 3 | AF67: ='[7]NOVA DESCOBERTA '!B80 -> 0 | AG67: ='[7]NOVA DESCOBERTA '!B81 -> 34 | AH67: ='[7]NOVA DESCOBERTA '!$B$83 -> 60 | AI67: ='[7]NOVA DESCOBERTA '!$B$84 -> 226285
A68: VII | B68: Alto José Bonifácio | C68: ='[7]ALTO J. BONIFÁCIO'!H35 -> 101.57895 | D68: ='[7]ALTO J. BONIFÁCIO'!K35 -> 163.45 | E68: ='[7]ALTO J. BONIFÁCIO'!N35 -> 175.35 | F68: ='[7]ALTO J. BONIFÁCIO'!Q35 -> 168.52381 | G68: ='[7]ALTO J. BONIFÁCIO'!T35 -> 147.61905 | H68: ='[7]ALTO J. BONIFÁCIO'!W35 -> 178.90476 | I68: ='[7]ALTO J. BONIFÁCIO'!Z35 -> 179.42857 | J68: ='[7]ALTO J. BONIFÁCIO'!AC35 -> 134.61905 | K68: ='[7]ALTO J. BONIFÁCIO'!AF35 -> 104.75 | L68: ='[7]ALTO J. BONIFÁCIO'!AI35 -> 226.14286 | M68: ='[7]ALTO J. BONIFÁCIO'!AL35 -> 142.45 | N68: ='[7]ALTO J. BONIFÁCIO'!AO35 -> 195.77778 | O68: ='[7]ALTO J. BONIFÁCIO'!AR35 -> 239.31579 | P68: ='[7]ALTO J. BONIFÁCIO'!AU35 -> 139.85 | Q68: ='[7]ALTO J. BONIFÁCIO'!AX35 -> 259.04762 | R68: ='[7]ALTO J. BONIFÁCIO'!BA35 -> 103.25 | S68: ='[7]ALTO J. BONIFÁCIO'!BD35 -> 232.94737 | T68: ='[7]ALTO J. BONIFÁCIO'!BG35 -> 155.85 | U68: ='[7]ALTO J. BONIFÁCIO'!BJ35 -> #DIV/0! | V68: ='[7]ALTO J. BONIFÁCIO'!BM35 -> #DIV/0! | W68: ='[7]ALTO J. BONIFÁCIO'!BP35 -> #DIV/0! | X68: ='[7]ALTO J. BONIFÁCIO'!BS35 -> #DIV/0! | Y68: ='[7]ALTO J. BONIFÁCIO'!BV35 -> #DIV/0! | Z68: ='[7]ALTO J. BONIFÁCIO'!BY35 -> #DIV/0! | AA68: ='[7]ALTO J. BONIFÁCIO'!CB35 -> #DIV/0! | AB68: ='[7]ALTO J. BONIFÁCIO'!CE35 -> #DIV/0! | AC68: ='[7]ALTO J. BONIFÁCIO'!B37 -> 11 | AD68: ='[7]ALTO J. BONIFÁCIO'!B38 -> 1 | AE68: ='[7]ALTO J. BONIFÁCIO'!B39 -> 1 | AF68: ='[7]ALTO J. BONIFÁCIO'!B40 -> 0 | AG68: ='[7]ALTO J. BONIFÁCIO'!B41 -> 9 | AH68: ='[7]ALTO J. BONIFÁCIO'!$B$43 -> 21 | AI68: ='[7]ALTO J. BONIFÁCIO'!$B$44 -> 61306
A69: VII | B69: Mangabeira | C69: =[7]MANGABEIRA!H25 -> 151.09091 | D69: =[7]MANGABEIRA!K25 -> 126 | E69: =[7]MANGABEIRA!N25 -> 206.09091 | F69: =[7]MANGABEIRA!Q25 -> 249.63636 | G69: =[7]MANGABEIRA!T25 -> 177.9 | H69: =[7]MANGABEIRA!W25 -> 354.90909 | I69: =[7]MANGABEIRA!Z25 -> 528.45455 | J69: =[7]MANGABEIRA!AC25 -> 231 | K69: =[7]MANGABEIRA!AF25 -> 200.36364 | L69: =[7]MANGABEIRA!AI25 -> 395.6 | M69: =[7]MANGABEIRA!AL25 -> 246.5 | N69: =[7]MANGABEIRA!AO25 -> 310.18182 | O69: =[7]MANGABEIRA!AR25 -> 459.54545 | P69: =[7]MANGABEIRA!AU25 -> 279.72727 | Q69: =[7]MANGABEIRA!AX25 -> 164.36364 | R69: =[7]MANGABEIRA!BA25 -> 212.9 | S69: =[7]MANGABEIRA!BD25 -> 282.36364 | T69: =[7]MANGABEIRA!BG25 -> 189.8 | U69: =[7]MANGABEIRA!BJ25 -> #DIV/0! | V69: =[7]MANGABEIRA!BM25 -> #DIV/0! | W69: =[7]MANGABEIRA!BP25 -> #DIV/0! | X69: =[7]MANGABEIRA!BS25 -> #DIV/0! | Y69: =[7]MANGABEIRA!BV25 -> #DIV/0! | Z69: =[7]MANGABEIRA!BY25 -> #DIV/0! | AA69: =[7]MANGABEIRA!CB25 -> #DIV/0! | AB69: =[7]MANGABEIRA!CE25 -> #DIV/0! | AC69: =[7]MANGABEIRA!B27 -> 2 | AD69: =[7]MANGABEIRA!B28 -> 3 | AE69: =[7]MANGABEIRA!B29 -> 0 | AF69: =[7]MANGABEIRA!B30 -> 0 | AG69: =[7]MANGABEIRA!B31 -> 4 | AH69: =[7]MANGABEIRA!$B$33 -> 11 | AI69: =[7]MANGABEIRA!$B$34 -> 50977
A70: VII | B70: Alto José do Pinho | C70: ='[7]ALTO JOSÉ DO PINHO'!H32 -> 185.75 | D70: ='[7]ALTO JOSÉ DO PINHO'!K32 -> 220.44444 | E70: ='[7]ALTO JOSÉ DO PINHO'!N32 -> 230.5 | F70: ='[7]ALTO JOSÉ DO PINHO'!Q32 -> 264.94444 | G70: ='[7]ALTO JOSÉ DO PINHO'!T32 -> 192 | H70: ='[7]ALTO JOSÉ DO PINHO'!W32 -> 167.55556 | I70: ='[7]ALTO JOSÉ DO PINHO'!Z32 -> 233.55556 | J70: ='[7]ALTO JOSÉ DO PINHO'!AC32 -> 121.61111 | K70: ='[7]ALTO JOSÉ DO PINHO'!AF32 -> 115.47059 | L70: ='[7]ALTO JOSÉ DO PINHO'!AI32 -> 179.23529 | M70: ='[7]ALTO JOSÉ DO PINHO'!AL32 -> 265.38889 | N70: ='[7]ALTO JOSÉ DO PINHO'!AO32 -> 194.22222 | O70: ='[7]ALTO JOSÉ DO PINHO'!AR32 -> 247.94444 | P70: ='[7]ALTO JOSÉ DO PINHO'!AU32 -> 316.4375 | Q70: ='[7]ALTO JOSÉ DO PINHO'!AX32 -> 199.16667 | R70: ='[7]ALTO JOSÉ DO PINHO'!BA32 -> 247.5625 | S70: ='[7]ALTO JOSÉ DO PINHO'!BD32 -> 141.88889 | T70: ='[7]ALTO JOSÉ DO PINHO'!BG32 -> 176.72222 | U70: ='[7]ALTO JOSÉ DO PINHO'!BJ32 -> #DIV/0! | V70: ='[7]ALTO JOSÉ DO PINHO'!BM32 -> #DIV/0! | W70: ='[7]ALTO JOSÉ DO PINHO'!BP32 -> #DIV/0! | X70: ='[7]ALTO JOSÉ DO PINHO'!BS32 -> #DIV/0! | Y70: ='[7]ALTO JOSÉ DO PINHO'!BV32 -> #DIV/0! | Z70: ='[7]ALTO JOSÉ DO PINHO'!BY32 -> #DIV/0! | AA70: ='[7]ALTO JOSÉ DO PINHO'!CB32 -> #DIV/0! | AB70: ='[7]ALTO JOSÉ DO PINHO'!CE32 -> #DIV/0! | AC70: ='[7]ALTO JOSÉ DO PINHO'!B34 -> 2 | AD70: ='[7]ALTO JOSÉ DO PINHO'!B35 -> 1 | AE70: ='[7]ALTO JOSÉ DO PINHO'!B36 -> 0 | AF70: ='[7]ALTO JOSÉ DO PINHO'!B37 -> 0 | AG70: ='[7]ALTO JOSÉ DO PINHO'!B38 -> 1 | AH70: ='[7]ALTO JOSÉ DO PINHO'!$B$40 -> 18 | AI70: ='[7]ALTO JOSÉ DO PINHO'!$B$41 -> 64813
A71: VII | B71: Morro da Conceição | C71: ='[7]M. DA CONCEIÇÃO'!$H$30 -> 293.36364 | D71: ='[7]M. DA CONCEIÇÃO'!K30 -> 152.93333 | E71: ='[7]M. DA CONCEIÇÃO'!N30 -> 143.0625 | F71: ='[7]M. DA CONCEIÇÃO'!Q30 -> 268.4375 | G71: ='[7]M. DA CONCEIÇÃO'!T30 -> 236.5 | H71: ='[7]M. DA CONCEIÇÃO'!W30 -> 270.5625 | I71: ='[7]M. DA CONCEIÇÃO'!Z30 -> 178.25 | J71: ='[7]M. DA CONCEIÇÃO'!AC30 -> 202.75 | K71: ='[7]M. DA CONCEIÇÃO'!AF30 -> 173.78571 | L71: ='[7]M. DA CONCEIÇÃO'!AI30 -> 236.75 | M71: ='[7]M. DA CONCEIÇÃO'!AL30 -> 128.875 | N71: ='[7]M. DA CONCEIÇÃO'!AO30 -> 258.0625 | O71: ='[7]M. DA CONCEIÇÃO'!AR30 -> 312.9375 | P71: ='[7]M. DA CONCEIÇÃO'!AU30 -> 218.26667 | Q71: ='[7]M. DA CONCEIÇÃO'!AX30 -> 200 | R71: ='[7]M. DA CONCEIÇÃO'!BA30 -> 141.8125 | S71: ='[7]M. DA CONCEIÇÃO'!BD30 -> 224.625 | T71: ='[7]M. DA CONCEIÇÃO'!BG30 -> 194.28571 | U71: ='[7]M. DA CONCEIÇÃO'!BJ30 -> #DIV/0! | V71: ='[7]M. DA CONCEIÇÃO'!BM30 -> #DIV/0! | W71: ='[7]M. DA CONCEIÇÃO'!BP30 -> #DIV/0! | X71: ='[7]M. DA CONCEIÇÃO'!BS30 -> #DIV/0! | Y71: ='[7]M. DA CONCEIÇÃO'!BV30 -> #DIV/0! | Z71: ='[7]M. DA CONCEIÇÃO'!BY30 -> #DIV/0! | AA71: ='[7]M. DA CONCEIÇÃO'!CB30 -> #DIV/0! | AB71: ='[7]M. DA CONCEIÇÃO'!CE30 -> #DIV/0! | AC71: ='[7]M. DA CONCEIÇÃO'!B32 -> 4 | AD71: ='[7]M. DA CONCEIÇÃO'!B33 -> 5 | AE71: ='[7]M. DA CONCEIÇÃO'!B34 -> 0 | AF71: ='[7]M. DA CONCEIÇÃO'!B35 -> 0 | AG71: ='[7]M. DA CONCEIÇÃO'!B36 -> 6 | AH71: ='[7]M. DA CONCEIÇÃO'!$B$38 -> 16 | AI71: ='[7]M. DA CONCEIÇÃO'!$B$39 -> 58590
A72: VII | B72: Vasco da Gama | C72: ='[7]VASCO DA GAMA'!H67 -> 192.02 | D72: ='[7]VASCO DA GAMA'!K67 -> 205.57692 | E72: ='[7]VASCO DA GAMA'!N67 -> 236.47059 | F72: ='[7]VASCO DA GAMA'!Q67 -> 299.96154 | G72: ='[7]VASCO DA GAMA'!T67 -> 180.56 | H72: ='[7]VASCO DA GAMA'!W67 -> 212.14 | I72: ='[7]VASCO DA GAMA'!Z67 -> 319.4717 | J72: ='[7]VASCO DA GAMA'!AC67 -> 235.9434 | K72: ='[7]VASCO DA GAMA'!AF67 -> 196.56863 | L72: ='[7]VASCO DA GAMA'!AI67 -> 285.31373 | M72: ='[7]VASCO DA GAMA'!AL67 -> 277.34615 | N72: ='[7]VASCO DA GAMA'!AO67 -> 208.94 | O72: ='[7]VASCO DA GAMA'!AR67 -> 283.52083 | P72: ='[7]VASCO DA GAMA'!AU67 -> 239.35294 | Q72: ='[7]VASCO DA GAMA'!AX67 -> 232.65909 | R72: ='[7]VASCO DA GAMA'!BA67 -> 206.83673 | S72: ='[7]VASCO DA GAMA'!BD67 -> 287.45098 | T72: ='[7]VASCO DA GAMA'!BG67 -> 183.6875 | U72: ='[7]VASCO DA GAMA'!BJ67 -> #DIV/0! | V72: ='[7]VASCO DA GAMA'!BM67 -> #DIV/0! | W72: ='[7]VASCO DA GAMA'!BP67 -> #DIV/0! | X72: ='[7]VASCO DA GAMA'!BS67 -> #DIV/0! | Y72: ='[7]VASCO DA GAMA'!BV67 -> #DIV/0! | Z72: ='[7]VASCO DA GAMA'!BY67 -> #DIV/0! | AA72: ='[7]VASCO DA GAMA'!CB67 -> #DIV/0! | AB72: ='[7]VASCO DA GAMA'!CE67 -> #DIV/0! | AC72: ='[7]VASCO DA GAMA'!B69 -> 29 | AD72: ='[7]VASCO DA GAMA'!B70 -> 11 | AE72: ='[7]VASCO DA GAMA'!B71 -> 2 | AF72: ='[7]VASCO DA GAMA'!B72 -> 0 | AG72: ='[7]VASCO DA GAMA'!B73 -> 33 | AH72: ='[7]VASCO DA GAMA'!$B$75 -> 53 | AI72: ='[7]VASCO DA GAMA'!$B$76 -> 216131
A73: VII | B73: Macaxeira | C73: =[7]MACAXEIRA!H43 -> 245.30769 | D73: =[7]MACAXEIRA!K43 -> 280.26923 | E73: =[7]MACAXEIRA!N43 -> 273.33333 | F73: =[7]MACAXEIRA!Q43 -> 310 | G73: =[7]MACAXEIRA!T43 -> 179.625 | H73: =[7]MACAXEIRA!W43 -> 242.63636 | I73: =[7]MACAXEIRA!Z43 -> 367.13043 | J73: =[7]MACAXEIRA!AC43 -> 282.61538 | K73: =[7]MACAXEIRA!AF43 -> 159.04167 | L73: =[7]MACAXEIRA!AI43 -> 309.5 | M73: =[7]MACAXEIRA!AL43 -> 397.64 | N73: =[7]MACAXEIRA!AO43 -> 225.44 | O73: =[7]MACAXEIRA!AR43 -> 208.52 | P73: =[7]MACAXEIRA!AU43 -> 244.28571 | Q73: =[7]MACAXEIRA!AX43 -> 273.15385 | R73: =[7]MACAXEIRA!BA43 -> 241.95652 | S73: =[7]MACAXEIRA!BD43 -> 181.91667 | T73: =[7]MACAXEIRA!BG43 -> 102.59091 | U73: =[7]MACAXEIRA!BJ43 -> #DIV/0! | V73: =[7]MACAXEIRA!BM43 -> #DIV/0! | W73: =[7]MACAXEIRA!BP43 -> #DIV/0! | X73: =[7]MACAXEIRA!BS43 -> #DIV/0! | Y73: =[7]MACAXEIRA!BV43 -> #DIV/0! | Z73: =[7]MACAXEIRA!BY43 -> #DIV/0! | AA73: =[7]MACAXEIRA!CB43 -> #DIV/0! | AB73: =[7]MACAXEIRA!CE43 -> #DIV/0! | AC73: =[7]MACAXEIRA!B45 -> 46 | AD73: =[7]MACAXEIRA!B46 -> 19 | AE73: =[7]MACAXEIRA!B47 -> 3 | AF73: =[7]MACAXEIRA!B48 -> 0 | AG73: =[7]MACAXEIRA!B49 -> 49 | AH73: =[7]MACAXEIRA!$B$51 -> 29 | AI73: =[7]MACAXEIRA!$B$52 -> 114259
A74: VII | B74: Brejo da Guabiraba | C74: ='[7]BREJO DA GUABIRABA'!H34 -> 153.46667 | D74: ='[7]BREJO DA GUABIRABA'!K34 -> 184.66667 | E74: ='[7]BREJO DA GUABIRABA'!N34 -> 134.8 | F74: ='[7]BREJO DA GUABIRABA'!Q34 -> 186.72222 | G74: ='[7]BREJO DA GUABIRABA'!T34 -> 157.94444 | H74: ='[7]BREJO DA GUABIRABA'!W34 -> 285.68421 | I74: ='[7]BREJO DA GUABIRABA'!Z34 -> 223.25 | J74: ='[7]BREJO DA GUABIRABA'!AC34 -> 139.83333 | K74: ='[7]BREJO DA GUABIRABA'!AF34 -> 92.210526 | L74: ='[7]BREJO DA GUABIRABA'!AI34 -> 144.42105 | M74: ='[7]BREJO DA GUABIRABA'!AL34 -> 211.26316 | N74: ='[7]BREJO DA GUABIRABA'!AO34 -> 193.78947 | O74: ='[7]BREJO DA GUABIRABA'!AR34 -> 176.17647 | P74: ='[7]BREJO DA GUABIRABA'!AU34 -> 191.94118 | Q74: ='[7]BREJO DA GUABIRABA'!AX34 -> 175.68421 | R74: ='[7]BREJO DA GUABIRABA'!BA34 -> 222.57143 | S74: ='[7]BREJO DA GUABIRABA'!BD34 -> 158.16667 | T74: ='[7]BREJO DA GUABIRABA'!BG34 -> 96.066667 | U74: ='[7]BREJO DA GUABIRABA'!BJ34 -> #DIV/0! | V74: ='[7]BREJO DA GUABIRABA'!BM34 -> #DIV/0! | W74: ='[7]BREJO DA GUABIRABA'!BP34 -> #DIV/0! | X74: ='[7]BREJO DA GUABIRABA'!BS34 -> #DIV/0! | Y74: ='[7]BREJO DA GUABIRABA'!BV34 -> #DIV/0! | Z74: ='[7]BREJO DA GUABIRABA'!BY34 -> #DIV/0! | AA74: ='[7]BREJO DA GUABIRABA'!CB34 -> #DIV/0! | AB74: ='[7]BREJO DA GUABIRABA'!CE34 -> #DIV/0! | AC74: ='[7]BREJO DA GUABIRABA'!B36 -> 21 | AD74: ='[7]BREJO DA GUABIRABA'!B37 -> 14 | AE74: ='[7]BREJO DA GUABIRABA'!B38 -> 3 | AF74: ='[7]BREJO DA GUABIRABA'!B39 -> 0 | AG74: ='[7]BREJO DA GUABIRABA'!B40 -> 20 | AH74: ='[7]BREJO DA GUABIRABA'!$B$42 -> 20 | AI74: ='[7]BREJO DA GUABIRABA'!$B$43 -> 55235
A75: VII | B75: Córrego da Jenipapo | C75: ='[7]CÓRR. DO JENIPAPO'!H31 -> 78.166667 | D75: ='[7]CÓRR. DO JENIPAPO'!K31 -> 123.46154 | E75: ='[7]CÓRR. DO JENIPAPO'!N31 -> 64.8125 | F75: ='[7]CÓRR. DO JENIPAPO'!Q31 -> 178.8125 | G75: ='[7]CÓRR. DO JENIPAPO'!T31 -> 93.785714 | H75: ='[7]CÓRR. DO JENIPAPO'!W31 -> 102.5 | I75: ='[7]CÓRR. DO JENIPAPO'!Z31 -> 120.92857 | J75: ='[7]CÓRR. DO JENIPAPO'!AC31 -> 60.625 | K75: ='[7]CÓRR. DO JENIPAPO'!AF31 -> 106.58824 | L75: ='[7]CÓRR. DO JENIPAPO'!AI31 -> 57.866667 | M75: ='[7]CÓRR. DO JENIPAPO'!AL31 -> 217.58824 | N75: ='[7]CÓRR. DO JENIPAPO'!AO31 -> 66.5625 | O75: ='[7]CÓRR. DO JENIPAPO'!AR31 -> 47.625 | P75: ='[7]CÓRR. DO JENIPAPO'!AU31 -> 85.4375 | Q75: ='[7]CÓRR. DO JENIPAPO'!AX31 -> 121.76923 | R75: ='[7]CÓRR. DO JENIPAPO'!BA31 -> 52.375 | S75: ='[7]CÓRR. DO JENIPAPO'!BD31 -> 91.8 | T75: ='[7]CÓRR. DO JENIPAPO'!BG31 -> 85.6875 | U75: ='[7]CÓRR. DO JENIPAPO'!BJ31 -> #DIV/0! | V75: ='[7]CÓRR. DO JENIPAPO'!BM31 -> #DIV/0! | W75: ='[7]CÓRR. DO JENIPAPO'!BP31 -> #DIV/0! | X75: ='[7]CÓRR. DO JENIPAPO'!BS31 -> #DIV/0! | Y75: ='[7]CÓRR. DO JENIPAPO'!BV31 -> #DIV/0! | Z75: ='[7]CÓRR. DO JENIPAPO'!BY31 -> #DIV/0! | AA75: ='[7]CÓRR. DO JENIPAPO'!CB31 -> #DIV/0! | AB75: ='[7]CÓRR. DO JENIPAPO'!CE31 -> #DIV/0! | AC75: ='[7]CÓRR. DO JENIPAPO'!B33 -> 13 | AD75: ='[7]CÓRR. DO JENIPAPO'!B34 -> 10 | AE75: ='[7]CÓRR. DO JENIPAPO'!B35 -> 2 | AF75: ='[7]CÓRR. DO JENIPAPO'!B36 -> 0 | AG75: ='[7]CÓRR. DO JENIPAPO'!B37 -> 11 | AH75: ='[7]CÓRR. DO JENIPAPO'!$B$39 -> 17 | AI75: ='[7]CÓRR. DO JENIPAPO'!$B$40 -> 26799
A76: VII | B76: Brejo do Beberibe | C76: ='[7]BREJO DO BEBERIBE'!H33 -> 120.52941 | D76: ='[7]BREJO DO BEBERIBE'!K33 -> 210.33333 | E76: ='[7]BREJO DO BEBERIBE'!N33 -> 372.64706 | F76: ='[7]BREJO DO BEBERIBE'!Q33 -> 374.05263 | G76: ='[7]BREJO DO BEBERIBE'!T33 -> 299.94444 | H76: ='[7]BREJO DO BEBERIBE'!W33 -> 231.27778 | I76: ='[7]BREJO DO BEBERIBE'!Z33 -> 352.52941 | J76: ='[7]BREJO DO BEBERIBE'!AC33 -> 207.72222 | K76: ='[7]BREJO DO BEBERIBE'!AF33 -> 95.9375 | L76: ='[7]BREJO DO BEBERIBE'!AI33 -> 157.78947 | M76: ='[7]BREJO DO BEBERIBE'!AL33 -> 234.05263 | N76: ='[7]BREJO DO BEBERIBE'!AO33 -> 158.33333 | O76: ='[7]BREJO DO BEBERIBE'!AR33 -> 383.83333 | P76: ='[7]BREJO DO BEBERIBE'!AU33 -> 251.16667 | Q76: ='[7]BREJO DO BEBERIBE'!AX33 -> 334 | R76: ='[7]BREJO DO BEBERIBE'!BA33 -> 393.83333 | S76: ='[7]BREJO DO BEBERIBE'!BD33 -> 195.42105 | T76: ='[7]BREJO DO BEBERIBE'!BG33 -> 170.27778 | U76: ='[7]BREJO DO BEBERIBE'!BJ33 -> #DIV/0! | V76: ='[7]BREJO DO BEBERIBE'!BM33 -> #DIV/0! | W76: ='[7]BREJO DO BEBERIBE'!BP33 -> #DIV/0! | X76: ='[7]BREJO DO BEBERIBE'!BS33 -> #DIV/0! | Y76: ='[7]BREJO DO BEBERIBE'!BV33 -> #DIV/0! | Z76: ='[7]BREJO DO BEBERIBE'!BY33 -> #DIV/0! | AA76: ='[7]BREJO DO BEBERIBE'!CB33 -> #DIV/0! | AB76: ='[7]BREJO DO BEBERIBE'!CE33 -> #DIV/0! | AC76: ='[7]BREJO DO BEBERIBE'!B35 -> 13 | AD76: ='[7]BREJO DO BEBERIBE'!B36 -> 3 | AE76: ='[7]BREJO DO BEBERIBE'!B37 -> 0 | AF76: ='[7]BREJO DO BEBERIBE'!B38 -> 0 | AG76: ='[7]BREJO DO BEBERIBE'!B39 -> 8 | AH76: ='[7]BREJO DO BEBERIBE'!$B$41 -> 19 | AI76: ='[7]BREJO DO BEBERIBE'!$B$42 -> 82044
A77: VII | B77: Passarinho | C77: =[7]PASSARINHO!H70 -> 220.67391 | D77: =[7]PASSARINHO!K70 -> 255.93878 | E77: =[7]PASSARINHO!N70 -> 188.55319 | F77: =[7]PASSARINHO!Q70 -> 314.91304 | G77: =[7]PASSARINHO!T70 -> 241.77273 | H77: =[7]PASSARINHO!W70 -> 255.30769 | I77: =[7]PASSARINHO!Z70 -> 299.55769 | J77: =[7]PASSARINHO!AC70 -> 140.62791 | K77: =[7]PASSARINHO!AF70 -> 204.97917 | L77: =[7]PASSARINHO!AI70 -> 327.44681 | M77: =[7]PASSARINHO!AL70 -> 296.76596 | N77: =[7]PASSARINHO!AO70 -> 194.03922 | O77: =[7]PASSARINHO!AR70 -> 276.31481 | P77: =[7]PASSARINHO!AU70 -> 200.36538 | Q77: =[7]PASSARINHO!AX70 -> 189.55556 | R77: =[7]PASSARINHO!BA70 -> 211.13462 | S77: =[7]PASSARINHO!BD70 -> 293.4375 | T77: =[7]PASSARINHO!BG70 -> 165.56522 | U77: =[7]PASSARINHO!BJ70 -> #DIV/0! | V77: =[7]PASSARINHO!BM70 -> #DIV/0! | W77: =[7]PASSARINHO!BP70 -> #DIV/0! | X77: =[7]PASSARINHO!BS70 -> #DIV/0! | Y77: =[7]PASSARINHO!BV70 -> #DIV/0! | Z77: =[7]PASSARINHO!BY70 -> #DIV/0! | AA77: =[7]PASSARINHO!CB70 -> #DIV/0! | AB77: =[7]PASSARINHO!CE70 -> #DIV/0! | AC77: =[7]PASSARINHO!B72 -> 70 | AD77: =[7]PASSARINHO!B73 -> 45 | AE77: =[7]PASSARINHO!B74 -> 7 | AF77: =[7]PASSARINHO!B75 -> 0 | AG77: =[7]PASSARINHO!B76 -> 71 | AH77: =[7]PASSARINHO!$B$78 -> 56 | AI77: =[7]PASSARINHO!$B$79 -> 208907
A78: VIII | B78: Ibura I | C78: ='[8]IBURA 1'!$H$69 -> 202.75 | D78: ='[8]IBURA 1'!$K$69 -> 197.13725 | E78: ='[8]IBURA 1'!N69 -> 227.71154 | F78: ='[8]IBURA 1'!Q69 -> 232.10204 | G78: ='[8]IBURA 1'!T69 -> 235.17308 | H78: ='[8]IBURA 1'!W69 -> 248 | I78: ='[8]IBURA 1'!Z69 -> 190.03774 | J78: ='[8]IBURA 1'!AC69 -> 177.14815 | K78: ='[8]IBURA 1'!AF69 -> 91.538462 | L78: ='[8]IBURA 1'!AI69 -> 181.4902 | M78: ='[8]IBURA 1'!AL69 -> 237.98148 | N78: ='[8]IBURA 1'!AO69 -> 228.01923 | O78: ='[8]IBURA 1'!AR69 -> 211.49057 | P78: ='[8]IBURA 1'!AU69 -> 117.5283 | Q78: ='[8]IBURA 1'!AX69 -> 168 | R78: ='[8]IBURA 1'!BA69 -> 120.67347 | S78: ='[8]IBURA 1'!BD69 -> 164.75472 | T78: ='[8]IBURA 1'!BG69 -> 81.166667 | U78: ='[8]IBURA 1'!BJ69 -> 177.23077 | V78: ='[8]IBURA 1'!BM69 -> #DIV/0! | W78: ='[8]IBURA 1'!BP69 -> #DIV/0! | X78: ='[8]IBURA 1'!BS69 -> #DIV/0! | Y78: ='[8]IBURA 1'!BV69 -> #DIV/0! | Z78: ='[8]IBURA 1'!BY69 -> #DIV/0! | AA78: ='[8]IBURA 1'!CB69 -> #DIV/0! | AB78: ='[8]IBURA 1'!CE69 -> #DIV/0! | AC78: ='[8]IBURA 1'!B71 -> 33 | AD78: ='[8]IBURA 1'!B72 -> 21 | AE78: ='[8]IBURA 1'!B73 -> 1 | AF78: ='[8]IBURA 1'!B74 -> 0 | AG78: ='[8]IBURA 1'!B75 -> 22 | AH78: ='[8]IBURA 1'!$B$77 -> 55 | AI78: ='[8]IBURA 1'!$B$78 -> 180170
A79: VIII | B79: Ibura II | C79: ='[8]IBURA 2'!$G$51 -> 142.43243 | D79: ='[8]IBURA 2'!$J$51 -> 177.22857 | E79: ='[8]IBURA 2'!M51 -> 222.94444 | F79: ='[8]IBURA 2'!P51 -> 202.02703 | G79: ='[8]IBURA 2'!S51 -> 290.65714 | H79: ='[8]IBURA 2'!V51 -> 245.97222 | I79: ='[8]IBURA 2'!Y51 -> 264.22222 | J79: ='[8]IBURA 2'!AB51 -> 228.85714 | K79: ='[8]IBURA 2'!AE51 -> 148.03125 | L79: ='[8]IBURA 2'!AH51 -> 279.02857 | M79: ='[8]IBURA 2'!AK51 -> 241.05405 | N79: ='[8]IBURA 2'!AN51 -> 215.75 | O79: ='[8]IBURA 2'!AQ51 -> 288 | P79: ='[8]IBURA 2'!AT51 -> 267.2 | Q79: ='[8]IBURA 2'!AW51 -> 248.94118 | R79: ='[8]IBURA 2'!AZ51 -> 223.55556 | S79: ='[8]IBURA 2'!BC51 -> 231.4 | T79: ='[8]IBURA 2'!BF51 -> 229.44118 | U79: ='[8]IBURA 2'!BI51 -> 202.16667 | V79: ='[8]IBURA 2'!BL51 -> #DIV/0! | W79: ='[8]IBURA 2'!BO51 -> #DIV/0! | X79: ='[8]IBURA 2'!BR51 -> #DIV/0! | Y79: ='[8]IBURA 2'!BU51 -> #DIV/0! | Z79: ='[8]IBURA 2'!BX51 -> #DIV/0! | AA79: ='[8]IBURA 2'!CA51 -> #DIV/0! | AB79: ='[8]IBURA 2'!CD51 -> #DIV/0! | AC79: ='[8]IBURA 2'!B53 -> 12 | AD79: ='[8]IBURA 2'!B54 -> 8 | AE79: ='[8]IBURA 2'!B55 -> 0 | AF79: ='[8]IBURA 2'!B56 -> 0 | AG79: ='[8]IBURA 2'!B57 -> 25 | AH79: ='[8]IBURA 2'!$B$59 -> 37 | AI79: ='[8]IBURA 2'!$B$60 -> 153547
A80: VIII | B80: Ibura III | C80: ='[8]IBURA 3'!G43 -> 227.41379 | D80: ='[8]IBURA 3'!$J$43 -> 346.96552 | E80: ='[8]IBURA 3'!M43 -> 415.2069 | F80: ='[8]IBURA 3'!P43 -> 450.06897 | G80: ='[8]IBURA 3'!S43 -> 225.78571 | H80: ='[8]IBURA 3'!V43 -> 186.17857 | I80: ='[8]IBURA 3'!Y43 -> 366.13793 | J80: ='[8]IBURA 3'!AB43 -> 234.48276 | K80: ='[8]IBURA 3'!AE43 -> 243.65517 | L80: ='[8]IBURA 3'!AH43 -> 379.13793 | M80: ='[8]IBURA 3'!AK43 -> 212.27586 | N80: ='[8]IBURA 3'!AN43 -> 372.7931 | O80: ='[8]IBURA 3'!AQ43 -> 384.65517 | P80: ='[8]IBURA 3'!AT43 -> 244.46429 | Q80: ='[8]IBURA 3'!AW43 -> 279.06897 | R80: ='[8]IBURA 3'!AZ43 -> 278.37931 | S80: ='[8]IBURA 3'!BC43 -> 328.34483 | T80: ='[8]IBURA 3'!BF43 -> 273.89655 | U80: ='[8]IBURA 3'!BI43 -> 384.7931 | V80: ='[8]IBURA 3'!BL43 -> #DIV/0! | W80: ='[8]IBURA 3'!BO43 -> #DIV/0! | X80: ='[8]IBURA 3'!BR43 -> #DIV/0! | Y80: ='[8]IBURA 3'!BU43 -> #DIV/0! | Z80: ='[8]IBURA 3'!BX43 -> #DIV/0! | AA80: ='[8]IBURA 3'!CA43 -> #DIV/0! | AB80: ='[8]IBURA 3'!CD43 -> #DIV/0! | AC80: ='[8]IBURA 3'!B45 -> 0 | AD80: ='[8]IBURA 3'!B46 -> 2 | AE80: ='[8]IBURA 3'!B47 -> 0 | AF80: ='[8]IBURA 3'!B48 -> 0 | AG80: ='[8]IBURA 3'!B49 -> 0 | AH80: ='[8]IBURA 3'!$B$51 -> 29 | AI80: ='[8]IBURA 3'!$B$52 -> 168521
A81: VIII | B81: Jordão | C81: =[8]JORDÃO!G66 -> 225.84091 | D81: =[8]JORDÃO!J66 -> 265.26087 | E81: =[8]JORDÃO!M66 -> 281.36364 | F81: =[8]JORDÃO!P66 -> 361.08163 | G81: =[8]JORDÃO!S66 -> 283.875 | H81: =[8]JORDÃO!V66 -> 269.08696 | I81: =[8]JORDÃO!Y66 -> 345.55319 | J81: =[8]JORDÃO!AB66 -> 232.65854 | K81: =[8]JORDÃO!AE66 -> 269.68293 | L81: =[8]JORDÃO!AH66 -> 249.46667 | M81: =[8]JORDÃO!AK66 -> 333.875 | N81: =[8]JORDÃO!AN66 -> 328.77778 | O81: =[8]JORDÃO!AQ66 -> 182.53191 | P81: =[8]JORDÃO!AT66 -> 182.52273 | Q81: =[8]JORDÃO!AW66 -> 311.65854 | R81: =[8]JORDÃO!AZ66 -> 245.19565 | S81: =[8]JORDÃO!BC66 -> 340.20833 | T81: =[8]JORDÃO!BF66 -> 239.38095 | U81: =[8]JORDÃO!BI66 -> 174.57895 | V81: =[8]JORDÃO!BL66 -> #DIV/0! | W81: =[8]JORDÃO!BO66 -> #DIV/0! | X81: =[8]JORDÃO!BR66 -> #DIV/0! | Y81: =[8]JORDÃO!BU66 -> #DIV/0! | Z81: =[8]JORDÃO!BX66 -> #DIV/0! | AA81: =[8]JORDÃO!CA66 -> #DIV/0! | AB81: =[8]JORDÃO!CD66 -> #DIV/0! | AC81: =[8]JORDÃO!B68 -> 86 | AD81: =[8]JORDÃO!B69 -> 39 | AE81: =[8]JORDÃO!B70 -> 3 | AF81: =[8]JORDÃO!B71 -> 0 | AG81: =[8]JORDÃO!B72 -> 64 | AH81: =[8]JORDÃO!$B$74 -> 52 | AI81: =[8]JORDÃO!$B$75 -> 230785
A82: VIII | B82: Cohab I | C82: ='[8]COHAB 1'!G47 -> 244.29032 | D82: ='[8]COHAB 1'!J47 -> 295.6129 | E82: ='[8]COHAB 1'!M47 -> 478.6875 | F82: ='[8]COHAB 1'!P47 -> 381.84375 | G82: ='[8]COHAB 1'!S47 -> 343.09375 | H82: ='[8]COHAB 1'!V47 -> 332.15625 | I82: ='[8]COHAB 1'!Y47 -> 312.9697 | J82: ='[8]COHAB 1'!AB47 -> 252.75 | K82: ='[8]COHAB 1'!AE47 -> 228.21212 | L82: ='[8]COHAB 1'!AH47 -> 310.78125 | M82: ='[8]COHAB 1'!AK47 -> 323.81818 | N82: ='[8]COHAB 1'!AN47 -> 294.74194 | O82: ='[8]COHAB 1'!AQ47 -> 221.3871 | P82: ='[8]COHAB 1'!AT47 -> 208.87879 | Q82: ='[8]COHAB 1'!AW47 -> 229.35484 | R82: ='[8]COHAB 1'!AZ47 -> 226 | S82: ='[8]COHAB 1'!BC47 -> 158.29032 | T82: ='[8]COHAB 1'!BF47 -> 176.78571 | U82: ='[8]COHAB 1'!BI47 -> 219.70968 | V82: ='[8]COHAB 1'!BL47 -> #DIV/0! | W82: ='[8]COHAB 1'!BO47 -> #DIV/0! | X82: ='[8]COHAB 1'!BR47 -> #DIV/0! | Y82: ='[8]COHAB 1'!BU47 -> #DIV/0! | Z82: ='[8]COHAB 1'!BX47 -> #DIV/0! | AA82: ='[8]COHAB 1'!CA47 -> #DIV/0! | AB82: ='[8]COHAB 1'!CD47 -> #DIV/0! | AC82: ='[8]COHAB 1'!B49 -> 18 | AD82: ='[8]COHAB 1'!B50 -> 7 | AE82: ='[8]COHAB 1'!B51 -> 0 | AF82: ='[8]COHAB 1'!B52 -> 0 | AG82: ='[8]COHAB 1'!B53 -> 19 | AH82: ='[8]COHAB 1'!$B$55 -> 33 | AI82: ='[8]COHAB 1'!$B$56 -> 166363
A83: VIII | B83: Cohab II | C83: ='[8]COHAB 2'!G50 -> 156.90625 | D83: ='[8]COHAB 2'!J50 -> 435.41176 | E83: ='[8]COHAB 2'!M50 -> 338.40625 | F83: ='[8]COHAB 2'!P50 -> 336.71429 | G83: ='[8]COHAB 2'!S50 -> 349.78788 | H83: ='[8]COHAB 2'!V50 -> 416.17647 | I83: ='[8]COHAB 2'!Y50 -> 406.58824 | J83: ='[8]COHAB 2'!AB50 -> 372 | K83: ='[8]COHAB 2'!AE50 -> 339.61765 | L83: ='[8]COHAB 2'!AH50 -> 440.97143 | M83: ='[8]COHAB 2'!AK50 -> 396.4 | N83: ='[8]COHAB 2'!AN50 -> 272.36364 | O83: ='[8]COHAB 2'!AQ50 -> 365.75 | P83: ='[8]COHAB 2'!AT50 -> 347.03125 | Q83: ='[8]COHAB 2'!AW50 -> 236.81818 | R83: ='[8]COHAB 2'!AZ50 -> 346.48485 | S83: ='[8]COHAB 2'!BC50 -> 350.8125 | T83: ='[8]COHAB 2'!BF50 -> 288 | U83: ='[8]COHAB 2'!BI50 -> 364.72414 | V83: ='[8]COHAB 2'!BL50 -> #DIV/0! | W83: ='[8]COHAB 2'!BO50 -> #DIV/0! | X83: ='[8]COHAB 2'!BR50 -> #DIV/0! | Y83: ='[8]COHAB 2'!BU50 -> #DIV/0! | Z83: ='[8]COHAB 2'!BX50 -> #DIV/0! | AA83: ='[8]COHAB 2'!CA50 -> #DIV/0! | AB83: ='[8]COHAB 2'!CD50 -> #DIV/0! | AC83: ='[8]COHAB 2'!B52 -> 41 | AD83: ='[8]COHAB 2'!B53 -> 17 | AE83: ='[8]COHAB 2'!B54 -> 1 | AF83: ='[8]COHAB 2'!B55 -> 0 | AG83: ='[8]COHAB 2'!B56 -> 37 | AH83: ='[8]COHAB 2'!$B$58 -> 36 | AI83: ='[8]COHAB 2'!$B$59 -> 215916
A84: VIII | B84: Cohab III | C84: ='[8]COHAB 3'!G39 -> 188.72 | D84: ='[8]COHAB 3'!J39 -> 127.625 | E84: ='[8]COHAB 3'!M39 -> 291.08 | F84: ='[8]COHAB 3'!P39 -> 233.48 | G84: ='[8]COHAB 3'!S39 -> 147.64 | H84: ='[8]COHAB 3'!V39 -> 275.76 | I84: ='[8]COHAB 3'!Y39 -> 263.12 | J84: ='[8]COHAB 3'!AB39 -> 312.70833 | K84: ='[8]COHAB 3'!AE39 -> 177.48 | L84: ='[8]COHAB 3'!AH39 -> 370.6 | M84: ='[8]COHAB 3'!AK39 -> 280.24 | N84: ='[8]COHAB 3'!AN39 -> 254.84 | O84: ='[8]COHAB 3'!AQ39 -> 149.28 | P84: ='[8]COHAB 3'!AT39 -> 224.48 | Q84: ='[8]COHAB 3'!AW39 -> 278.36 | R84: ='[8]COHAB 3'!AZ39 -> 293.54167 | S84: ='[8]COHAB 3'!BC39 -> 300.20833 | T84: ='[8]COHAB 3'!BF39 -> 282 | U84: ='[8]COHAB 3'!BI39 -> 304.68 | V84: ='[8]COHAB 3'!BL39 -> #DIV/0! | W84: ='[8]COHAB 3'!BO39 -> #DIV/0! | X84: ='[8]COHAB 3'!BR39 -> #DIV/0! | Y84: ='[8]COHAB 3'!BU39 -> #DIV/0! | Z84: ='[8]COHAB 3'!BX39 -> #DIV/0! | AA84: ='[8]COHAB 3'!CA39 -> #DIV/0! | AB84: ='[8]COHAB 3'!CD39 -> #DIV/0! | AC84: ='[8]COHAB 3'!B41 -> 2 | AD84: ='[8]COHAB 3'!B42 -> 1 | AE84: ='[8]COHAB 3'!B43 -> 0 | AF84: ='[8]COHAB 3'!B44 -> 0 | AG84: ='[8]COHAB 3'!B45 -> 2 | AH84: ='[8]COHAB 3'!$B$47 -> 25 | AI84: ='[8]COHAB 3'!$B$48 -> 117862
A85: VIII | B85: Cohab IV | C85: ='[8]COHAB 4'!$G$45 -> 183.24138 | D85: ='[8]COHAB 4'!$J$45 -> 274.85714 | E85: ='[8]COHAB 4'!M45 -> 307.43333 | F85: ='[8]COHAB 4'!P45 -> 276.13333 | G85: ='[8]COHAB 4'!S45 -> 258.3871 | H85: ='[8]COHAB 4'!V45 -> 236.58065 | I85: ='[8]COHAB 4'!Y45 -> 320 | J85: ='[8]COHAB 4'!AB45 -> 287.31034 | K85: ='[8]COHAB 4'!AE45 -> 144.90323 | L85: ='[8]COHAB 4'!AH45 -> 274.83333 | M85: ='[8]COHAB 4'!AK45 -> 456.48276 | N85: ='[8]COHAB 4'!AN45 -> 277.43333 | O85: ='[8]COHAB 4'!AQ45 -> 304.86207 | P85: ='[8]COHAB 4'!AT45 -> 243.23333 | Q85: ='[8]COHAB 4'!AW45 -> 210.2963 | R85: ='[8]COHAB 4'!AZ45 -> 251.93103 | S85: ='[8]COHAB 4'!BC45 -> 147.43333 | T85: ='[8]COHAB 4'!BF45 -> 237.23077 | U85: ='[8]COHAB 4'!BI45 -> 170.51852 | V85: ='[8]COHAB 4'!BL45 -> #DIV/0! | W85: ='[8]COHAB 4'!BO45 -> #DIV/0! | X85: ='[8]COHAB 4'!BR45 -> #DIV/0! | Y85: ='[8]COHAB 4'!BU45 -> #DIV/0! | Z85: ='[8]COHAB 4'!BX45 -> #DIV/0! | AA85: ='[8]COHAB 4'!CA45 -> #DIV/0! | AB85: ='[8]COHAB 4'!CD45 -> #DIV/0! | AC85: ='[8]COHAB 4'!B47 -> 25 | AD85: ='[8]COHAB 4'!B48 -> 8 | AE85: ='[8]COHAB 4'!B49 -> 1 | AF85: ='[8]COHAB 4'!B50 -> 0 | AG85: ='[8]COHAB 4'!B51 -> 26 | AH85: ='[8]COHAB 4'!$B$53 -> 31 | AI85: ='[8]COHAB 4'!$B$54 -> 141768

Sheet TABELA DINÂMICA
A3: Rótulos de Linha | B3: Média de CICLO 1 | C3: Média de CICLO 2 | D3: Média de CICLO 3 | E3: Média de CICLO 4 | F3: Média de CICLO 5 | G3: Média de CICLO 6 | H3: Média de CICLO 7 | I3: Média de CICLO 8 | J3: Média de CICLO 9 | K3: Média de CICLO 10 | L3: Média de CICLO 11 | M3: Média de CICLO 12 | N3: Média de CICLO 13
A4: I | B4: 236.09511 | C4: 206.3776 | D4: 187.12097 | E4: 177.80286 | F4: 144.07533 | G4: 187.13978 | H4: 157.84584 | I4: 178.53892 | J4: 240.99519 | K4: 203.91601 | L4: 185.77238 | M4: 214.59317 | N4: 262.40216
A5: II | B5: 258.42282 | C5: 207.06826 | D5: 178.16449 | E5: 267.00948 | F5: 211.69186 | G5: 288.34016 | H5: 248.04005 | I5: 230.96748 | J5: 211.95946 | K5: 212.16161 | L5: 232.34943 | M5: 212.21475 | N5: 303.10872
A6: III | B6: 282.5074 | C6: 208.99003 | D6: 183.43507 | E6: 229.61542 | F6: 270.71324 | G6: 244.96571 | H6: 201.43284 | I6: 201.32362 | J6: 196.82138 | K6: 185.43918 | L6: 160.79587 | M6: 123.1432 | N6: 203.38291
A7: IV | B7: 200.14231 | C7: 196.78933 | D7: 236.08496 | E7: 263.30301 | F7: 180.91473 | G7: 199.73764 | H7: 210.19409 | I7: 186.32582 | J7: 194.97231 | K7: 184.08234 | L7: 190.96041 | M7: 132.27088 | N7: 239.2939
A8: V | B8: 214.56882 | C8: 157.9137 | D8: 137.06468 | E8: 236.42345 | F8: 179.92943 | G8: 201.85801 | H8: 173.67667 | I8: 179.19232 | J8: 176.32919 | K8: 159.20886 | L8: 215.83087 | M8: 170.41984 | N8: 323.38981
A9: VI | B9: 227.44344 | C9: 247.48723 | D9: 173.9238 | E9: 268.65518 | F9: 254.09095 | G9: 209.90314 | H9: 265.01733 | I9: 233.85909 | J9: 174.14207 | K9: 243.24367 | L9: 250.98374 | M9: 214.66786 | N9: 326.46675
A10: VII | B10: 151.8166 | C10: 222.62621 | D10: 157.08173 | E10: 218.66502 | F10: 198.93176 | G10: 212.78548 | H10: 164.12335 | I10: 146.8105 | J10: 167.33727 | K10: 199.90296 | L10: 166.86848 | M10: 156.03849 | N10: 256.60808
A11: VIII | B11: 222.46916 | C11: 304.88643 | D11: 198.05737 | E11: 270.39447 | F11: 208.32303 | G11: 248.85536 | H11: 229.4567 | I11: 218.98728 | J11: 271.66061 | K11: 216.22152 | L11: 246.00067 | M11: 178.97639 | N11: 311.90331
A12: Total Geral | B12: 231.65296 | C12: 216.02797 | D12: 181.31383 | E12: 239.39267 | F12: 209.03341 | G12: 232.85736 | H12: 205.80163 | I12: 197.89979 | J12: 205.88271 | K12: 199.53638 | L12: 201.13686 | M12: 174.08763 | N12: 270.53376

Sheet Plan1
